Username,timestamps,emgvalues
nikhil1,14:48:39.379,7.65
nikhil1,14:48:39.379,16.54
nikhil1,14:48:39.382,-17.81
nikhil1,14:48:39.383,-62.17
nikhil1,14:48:39.387,-5.5
nikhil1,14:48:39.387,75.74
nikhil1,14:48:39.390,39.59
nikhil1,14:48:39.391,-2.15
nikhil1,14:48:39.395,10.42
nikhil1,14:48:39.396,-65.7
nikhil1,14:48:39.399,-128.16
nikhil1,14:48:39.400,13.54
nikhil1,14:48:39.403,155.57
nikhil1,14:48:39.403,86.99
nikhil1,14:48:39.407,-35.75
nikhil1,14:48:39.407,-81.68
nikhil1,14:48:39.411,-84.72
nikhil1,14:48:39.411,-26.43
nikhil1,14:48:39.416,77.14
nikhil1,14:48:39.416,101.09
nikhil1,14:48:39.420,1.56
nikhil1,14:48:39.420,-73.15
nikhil1,14:48:39.423,-21.19
nikhil1,14:48:39.423,7.7
nikhil1,14:48:39.428,-46.04
nikhil1,14:48:39.428,1.64
nikhil1,14:48:39.432,101.3
nikhil1,14:48:39.432,35.23
nikhil1,14:48:39.436,-67.54
nikhil1,14:48:39.436,-31.42
nikhil1,14:48:39.440,0.45
nikhil1,14:48:39.440,-22.37
nikhil1,14:48:39.444,23.98
nikhil1,14:48:39.444,48.82
nikhil1,14:48:39.448,-29.83
nikhil1,14:48:39.448,-28.14
nikhil1,14:48:39.452,56.32
nikhil1,14:48:39.453,16.63
nikhil1,14:48:39.456,-66.19
nikhil1,14:48:39.457,-23.91
nikhil1,14:48:39.457,27.43
nikhil1,14:48:39.460,3.5
nikhil1,14:48:39.460,12.64
nikhil1,14:48:39.465,41.42
nikhil1,14:48:39.465,-11.35
nikhil1,14:48:39.469,-66.76
nikhil1,14:48:39.469,-8.33
nikhil1,14:48:39.472,66.95
nikhil1,14:48:39.472,25.47
nikhil1,14:48:39.477,-50.51
nikhil1,14:48:39.478,-39.68
nikhil1,14:48:39.481,9.26
nikhil1,14:48:39.481,28.79
nikhil1,14:48:39.485,39.66
nikhil1,14:48:39.485,14.25
nikhil1,14:48:39.489,-62.49
nikhil1,14:48:39.489,-55.91
nikhil1,14:48:39.493,54.19
nikhil1,14:48:39.493,71.78
nikhil1,14:48:39.497,-29.12
nikhil1,14:48:39.498,-59.28
nikhil1,14:48:39.502,1.31
nikhil1,14:48:39.502,21.49
nikhil1,14:48:39.506,18.73
nikhil1,14:48:39.506,26.87
nikhil1,14:48:39.510,-30.05
nikhil1,14:48:39.510,-63.79
nikhil1,14:48:39.514,41.36
nikhil1,14:48:39.514,77.36
nikhil1,14:48:39.518,-58.17
nikhil1,14:48:39.518,-71.11
nikhil1,14:48:39.522,70.61
nikhil1,14:48:39.522,54.19
nikhil1,14:48:39.526,-58.33
nikhil1,14:48:39.527,-22.94
nikhil1,14:48:39.531,14.2
nikhil1,14:48:39.531,-39.67
nikhil1,14:48:39.535,27.91
nikhil1,14:48:39.535,119.0
nikhil1,14:48:39.538,-22.86
nikhil1,14:48:39.538,-146.97
nikhil1,14:48:39.542,-5.88
nikhil1,14:48:39.542,84.73
nikhil1,14:48:39.543,-7.01
nikhil1,14:48:39.547,13.28
nikhil1,14:48:39.547,55.38
nikhil1,14:48:39.551,-79.86
nikhil1,14:48:39.551,-80.02
nikhil1,14:48:39.554,112.96
nikhil1,14:48:39.554,71.26
nikhil1,14:48:39.559,-130.37
nikhil1,14:48:39.559,-60.86
nikhil1,14:48:39.563,120.4
nikhil1,14:48:39.563,53.97
nikhil1,14:48:39.567,-71.04
nikhil1,14:48:39.567,-29.51
nikhil1,14:48:39.571,2.57
nikhil1,14:48:39.571,-12.73
nikhil1,14:48:39.575,56.3
nikhil1,14:48:39.575,47.15
nikhil1,14:48:39.579,-96.42
nikhil1,14:48:39.579,-56.85
nikhil1,14:48:39.583,115.4
nikhil1,14:48:39.584,38.85
nikhil1,14:48:39.588,-113.88
nikhil1,14:48:39.588,-2.06
nikhil1,14:48:39.591,98.07
nikhil1,14:48:39.591,-28.88
nikhil1,14:48:39.596,-58.86
nikhil1,14:48:39.596,51.01
nikhil1,14:48:39.600,-5.17
nikhil1,14:48:39.600,-88.6
nikhil1,14:48:39.604,49.73
nikhil1,14:48:39.604,130.41
nikhil1,14:48:39.608,-39.75
nikhil1,14:48:39.608,-133.27
nikhil1,14:48:39.612,9.46
nikhil1,14:48:39.612,96.68
nikhil1,14:48:39.616,-4.5
nikhil1,14:48:39.617,-58.7
nikhil1,14:48:39.620,20.75
nikhil1,14:48:39.620,31.27
nikhil1,14:48:39.624,-43.26
nikhil1,14:48:39.624,-6.32
nikhil1,14:48:39.629,73.0
nikhil1,14:48:39.629,-5.88
nikhil1,14:48:39.633,-100.43
nikhil1,14:48:39.633,-3.94
nikhil1,14:48:39.637,111.58
nikhil1,14:48:39.637,23.9
nikhil1,14:48:39.641,-103.39
nikhil1,14:48:39.641,-36.65
nikhil1,14:48:39.641,75.83
nikhil1,14:48:39.645,30.2
nikhil1,14:48:39.645,-35.85
nikhil1,14:48:39.649,-7.59
nikhil1,14:48:39.649,-6.43
nikhil1,14:48:39.653,-13.84
nikhil1,14:48:39.654,45.93
nikhil1,14:48:39.657,23.45
nikhil1,14:48:39.658,-70.3
nikhil1,14:48:39.661,-19.82
nikhil1,14:48:39.661,66.5
nikhil1,14:48:39.665,1.43
nikhil1,14:48:39.665,-42.33
nikhil1,14:48:39.669,25.08
nikhil1,14:48:39.670,16.09
nikhil1,14:48:39.674,-43.96
nikhil1,14:48:39.674,5.01
nikhil1,14:48:39.677,44.71
nikhil1,14:48:39.677,-23.35
nikhil1,14:48:39.682,-27.58
nikhil1,14:48:39.682,42.53
nikhil1,14:48:39.686,6.68
nikhil1,14:48:39.686,-59.32
nikhil1,14:48:39.690,-1.39
nikhil1,14:48:39.690,57.81
nikhil1,14:48:39.694,8.65
nikhil1,14:48:39.694,-27.42
nikhil1,14:48:39.698,0.8
nikhil1,14:48:39.699,-1.45
nikhil1,14:48:39.702,-31.79
nikhil1,14:48:39.702,-13.02
nikhil1,14:48:39.706,38.58
nikhil1,14:48:39.706,45.33
nikhil1,14:48:39.710,0.17
nikhil1,14:48:39.711,-33.98
nikhil1,14:48:39.714,-33.22
nikhil1,14:48:39.715,-18.4
nikhil1,14:48:39.719,13.99
nikhil1,14:48:39.719,53.46
nikhil1,14:48:39.723,30.77
nikhil1,14:48:39.723,-45.49
nikhil1,14:48:39.727,-46.45
nikhil1,14:48:39.727,24.92
nikhil1,14:48:39.727,21.33
nikhil1,14:48:39.731,-24.02
nikhil1,14:48:39.731,16.11
nikhil1,14:48:39.735,44.55
nikhil1,14:48:39.735,-35.13
nikhil1,14:48:39.739,-64.78
nikhil1,14:48:39.740,24.69
nikhil1,14:48:39.743,51.99
nikhil1,14:48:39.743,-8.07
nikhil1,14:48:39.747,-2.94
nikhil1,14:48:39.747,15.82
nikhil1,14:48:39.751,-40.61
nikhil1,14:48:39.751,-34.65
nikhil1,14:48:39.756,52.94
nikhil1,14:48:39.756,30.48
nikhil1,14:48:39.759,-51.64
nikhil1,14:48:39.759,-0.53
nikhil1,14:48:39.763,58.67
nikhil1,14:48:39.763,-26.91
nikhil1,14:48:39.768,-70.51
nikhil1,14:48:39.768,25.66
nikhil1,14:48:39.771,60.08
nikhil1,14:48:39.772,-4.99
nikhil1,14:48:39.776,-11.0
nikhil1,14:48:39.776,3.49
nikhil1,14:48:39.780,-48.34
nikhil1,14:48:39.780,-37.56
nikhil1,14:48:39.784,63.82
nikhil1,14:48:39.784,67.17
nikhil1,14:48:39.788,-27.0
nikhil1,14:48:39.788,-47.85
nikhil1,14:48:39.792,-9.89
nikhil1,14:48:39.792,-2.8
nikhil1,14:48:39.796,15.71
nikhil1,14:48:39.796,40.95
nikhil1,14:48:39.800,-8.23
nikhil1,14:48:39.800,-52.08
nikhil1,14:48:39.805,5.98
nikhil2,14:48:45.850,9.17
nikhil2,14:48:45.851,14.91
nikhil2,14:48:45.855,-31.23
nikhil2,14:48:45.855,-64.83
nikhil2,14:48:45.859,33.06
nikhil2,14:48:45.859,119.52
nikhil2,14:48:45.862,4.95
nikhil2,14:48:45.863,-128.04
nikhil2,14:48:45.867,-45.03
nikhil2,14:48:45.867,96.51
nikhil2,14:48:45.871,51.83
nikhil2,14:48:45.871,-57.67
nikhil2,14:48:45.875,-30.76
nikhil2,14:48:45.875,18.97
nikhil2,14:48:45.879,8.15
nikhil2,14:48:45.879,28.64
nikhil2,14:48:45.883,3.47
nikhil2,14:48:45.883,-80.49
nikhil2,14:48:45.887,-20.41
nikhil2,14:48:45.887,104.58
nikhil2,14:48:45.888,48.18
nikhil2,14:48:45.892,-76.5
nikhil2,14:48:45.892,-60.0
nikhil2,14:48:45.896,21.34
nikhil2,14:48:45.896,46.74
nikhil2,14:48:45.900,13.87
nikhil2,14:48:45.900,-41.6
nikhil2,14:48:45.904,-24.68
nikhil2,14:48:45.904,61.0
nikhil2,14:48:45.907,35.01
nikhil2,14:48:45.909,-79.76
nikhil2,14:48:45.912,-44.14
nikhil2,14:48:45.913,78.91
nikhil2,14:48:45.916,44.6
nikhil2,14:48:45.916,-58.31
nikhil2,14:48:45.920,-43.34
nikhil2,14:48:45.920,21.59
nikhil2,14:48:45.924,40.4
nikhil2,14:48:45.924,15.32
nikhil2,14:48:45.928,-32.64
nikhil2,14:48:45.928,-34.39
nikhil2,14:48:45.933,20.85
nikhil2,14:48:45.933,36.73
nikhil2,14:48:45.937,5.16
nikhil2,14:48:45.937,-21.57
nikhil2,14:48:45.941,-44.99
nikhil2,14:48:45.941,-17.54
nikhil2,14:48:45.945,66.63
nikhil2,14:48:45.945,61.83
nikhil2,14:48:45.949,-43.74
nikhil2,14:48:45.949,-83.06
nikhil2,14:48:45.953,-8.78
nikhil2,14:48:45.953,77.79
nikhil2,14:48:45.956,57.93
nikhil2,14:48:45.956,-55.67
nikhil2,14:48:45.961,-83.44
nikhil2,14:48:45.961,25.17
nikhil2,14:48:45.965,73.75
nikhil2,14:48:45.965,-0.98
nikhil2,14:48:45.969,-39.11
nikhil2,14:48:45.969,-14.01
nikhil2,14:48:45.973,10.99
nikhil2,14:48:45.973,28.8
nikhil2,14:48:45.974,-1.82
nikhil2,14:48:45.977,-37.5
nikhil2,14:48:45.977,2.48
nikhil2,14:48:45.981,35.75
nikhil2,14:48:45.982,-0.07
nikhil2,14:48:45.985,-27.12
nikhil2,14:48:45.986,-17.2
nikhil2,14:48:45.990,2.48
nikhil2,14:48:45.990,44.96
nikhil2,14:48:45.994,37.73
nikhil2,14:48:45.994,-62.95
nikhil2,14:48:45.998,-62.53
nikhil2,14:48:45.998,61.07
nikhil2,14:48:46.003,47.31
nikhil2,14:48:46.003,-49.16
nikhil2,14:48:46.007,-14.84
nikhil2,14:48:46.007,37.03
nikhil2,14:48:46.010,10.44
nikhil2,14:48:46.010,-22.68
nikhil2,14:48:46.015,-43.91
nikhil2,14:48:46.015,8.0
nikhil2,14:48:46.019,83.96
nikhil2,14:48:46.019,0.61
nikhil2,14:48:46.022,-91.23
nikhil2,14:48:46.023,-4.77
nikhil2,14:48:46.026,48.95
nikhil2,14:48:46.026,8.28
nikhil2,14:48:46.031,17.16
nikhil2,14:48:46.031,-16.14
nikhil2,14:48:46.035,-61.73
nikhil2,14:48:46.035,38.33
nikhil2,14:48:46.039,68.59
nikhil2,14:48:46.040,-69.34
nikhil2,14:48:46.043,-56.9
nikhil2,14:48:46.043,75.01
nikhil2,14:48:46.047,36.96
nikhil2,14:48:46.047,-35.49
nikhil2,14:48:46.051,-0.89
nikhil2,14:48:46.051,-20.4
nikhil2,14:48:46.056,-37.88
nikhil2,14:48:46.056,58.21
nikhil2,14:48:46.060,52.21
nikhil2,14:48:46.060,-74.51
nikhil2,14:48:46.063,-42.61
nikhil2,14:48:46.063,73.68
nikhil2,14:48:46.068,30.41
nikhil2,14:48:46.068,-53.72
nikhil2,14:48:46.068,-30.16
nikhil2,14:48:46.071,12.21
nikhil2,14:48:46.072,36.71
nikhil2,14:48:46.076,51.88
nikhil2,14:48:46.076,-25.34
nikhil2,14:48:46.080,-117.47
nikhil2,14:48:46.080,-17.69
nikhil2,14:48:46.084,140.15
nikhil2,14:48:46.084,68.31
nikhil2,14:48:46.089,-101.38
nikhil2,14:48:46.089,-84.22
nikhil2,14:48:46.093,33.15
nikhil2,14:48:46.093,47.39
nikhil2,14:48:46.097,19.6
nikhil2,14:48:46.097,20.02
nikhil2,14:48:46.100,-34.15
nikhil2,14:48:46.101,-79.45
nikhil2,14:48:46.105,11.46
nikhil2,14:48:46.105,93.98
nikhil2,14:48:46.109,12.35
nikhil2,14:48:46.109,-55.23
nikhil2,14:48:46.113,13.44
nikhil2,14:48:46.113,14.05
nikhil2,14:48:46.116,-73.71
nikhil2,14:48:46.116,-14.8
nikhil2,14:48:46.121,97.05
nikhil2,14:48:46.121,22.65
nikhil2,14:48:46.125,-64.64
nikhil2,14:48:46.126,8.54
nikhil2,14:48:46.129,24.68
nikhil2,14:48:46.129,-61.9
nikhil2,14:48:46.134,-12.19
nikhil2,14:48:46.134,92.55
nikhil2,14:48:46.138,19.81
nikhil2,14:48:46.138,-76.49
nikhil2,14:48:46.141,-22.16
nikhil2,14:48:46.141,26.12
nikhil2,14:48:46.145,3.9
nikhil2,14:48:46.145,22.21
nikhil2,14:48:46.150,18.75
nikhil2,14:48:46.150,-49.86
nikhil2,14:48:46.154,-20.23
nikhil2,14:48:46.154,65.41
nikhil2,14:48:46.154,7.65
nikhil2,14:48:46.158,-63.67
nikhil2,14:48:46.158,3.47
nikhil2,14:48:46.162,24.77
nikhil2,14:48:46.162,-30.66
nikhil2,14:48:46.166,32.96
nikhil2,14:48:46.166,82.14
nikhil2,14:48:46.171,-64.78
nikhil2,14:48:46.171,-121.4
nikhil2,14:48:46.174,66.68
nikhil2,14:48:46.174,121.05
nikhil2,14:48:46.178,-66.93
nikhil2,14:48:46.178,-93.93
nikhil2,14:48:46.182,77.07
nikhil2,14:48:46.182,61.74
nikhil2,14:48:46.186,-87.81
nikhil2,14:48:46.186,-32.28
nikhil2,14:48:46.191,84.24
nikhil2,14:48:46.191,-6.15
nikhil2,14:48:46.195,-66.95
nikhil2,14:48:46.195,67.63
nikhil2,14:48:46.198,58.3
nikhil2,14:48:46.199,-138.91
nikhil2,14:48:46.203,-74.3
nikhil2,14:48:46.203,181.81
nikhil2,14:48:46.207,98.98
nikhil2,14:48:46.207,-172.53
nikhil2,14:48:46.211,-98.03
nikhil2,14:48:46.211,130.32
nikhil2,14:48:46.215,63.33
nikhil2,14:48:46.215,-84.1
nikhil2,14:48:46.219,-11.57
nikhil2,14:48:46.219,41.79
nikhil2,14:48:46.223,-51.88
nikhil2,14:48:46.223,-12.88
nikhil2,14:48:46.228,116.27
nikhil2,14:48:46.228,3.38
nikhil2,14:48:46.231,-151.61
nikhil2,14:48:46.232,-0.86
nikhil2,14:48:46.235,135.6
nikhil2,14:48:46.236,-5.54
nikhil2,14:48:46.239,-67.57
nikhil2,14:48:46.240,24.66
nikhil2,14:48:46.244,-20.24
nikhil2,14:48:46.244,-59.7
nikhil2,14:48:46.248,71.51
nikhil2,14:48:46.248,85.87
nikhil2,14:48:46.252,-65.4
nikhil2,14:48:46.252,-74.09
nikhil2,14:48:46.252,44.66
nikhil2,14:48:46.257,37.61
nikhil2,14:48:46.257,-46.11
nikhil2,14:48:46.261,-16.01
nikhil2,14:48:46.261,41.16
nikhil2,14:48:46.265,14.1
nikhil2,14:48:46.265,3.65
nikhil2,14:48:46.268,1.5
nikhil2,14:48:46.268,-56.39
nikhil2,14:48:46.273,-48.7
nikhil2,14:48:46.273,54.76
nikhil2,14:48:46.276,101.15
nikhil3,14:48:50.734,14.5
nikhil3,14:48:50.738,27.01
nikhil3,14:48:50.738,-48.02
nikhil3,14:48:50.742,-123.62
nikhil3,14:48:50.742,35.55
nikhil3,14:48:50.746,235.77
nikhil3,14:48:50.746,70.82
nikhil3,14:48:50.749,-229.76
nikhil3,14:48:50.749,-181.64
nikhil3,14:48:50.754,79.36
nikhil3,14:48:50.754,165.48
nikhil3,14:48:50.758,82.58
nikhil3,14:48:50.759,-17.55
nikhil3,14:48:50.762,-109.66
nikhil3,14:48:50.762,-115.81
nikhil3,14:48:50.766,11.56
nikhil3,14:48:50.766,100.42
nikhil3,14:48:50.770,53.89
nikhil3,14:48:50.770,11.0
nikhil3,14:48:50.774,0.31
nikhil3,14:48:50.774,-68.97
nikhil3,14:48:50.778,-85.24
nikhil3,14:48:50.778,42.6
nikhil3,14:48:50.783,110.33
nikhil3,14:48:50.783,-1.39
nikhil3,14:48:50.787,-99.9
nikhil3,14:48:50.787,-25.68
nikhil3,14:48:50.787,86.66
nikhil3,14:48:50.791,45.62
nikhil3,14:48:50.791,-48.25
nikhil3,14:48:50.795,-38.26
nikhil3,14:48:50.795,-11.36
nikhil3,14:48:50.799,-6.62
nikhil3,14:48:50.799,41.16
nikhil3,14:48:50.803,38.45
nikhil3,14:48:50.803,-34.22
nikhil3,14:48:50.807,-16.46
nikhil3,14:48:50.807,34.61
nikhil3,14:48:50.811,-23.68
nikhil3,14:48:50.812,-59.33
nikhil3,14:48:50.816,25.38
nikhil3,14:48:50.816,84.54
nikhil3,14:48:50.820,23.64
nikhil3,14:48:50.820,-79.17
nikhil3,14:48:50.823,-88.68
nikhil3,14:48:50.823,31.78
nikhil3,14:48:50.827,120.85
nikhil3,14:48:50.827,32.3
nikhil3,14:48:50.832,-100.01
nikhil3,14:48:50.832,-68.56
nikhil3,14:48:50.836,49.24
nikhil3,14:48:50.836,59.14
nikhil3,14:48:50.840,-5.18
nikhil3,14:48:50.840,-29.06
nikhil3,14:48:50.844,-18.17
nikhil3,14:48:50.844,11.08
nikhil3,14:48:50.848,33.62
nikhil3,14:48:50.848,-9.63
nikhil3,14:48:50.852,-53.73
nikhil3,14:48:50.852,5.66
nikhil3,14:48:50.856,74.81
nikhil3,14:48:50.856,23.52
nikhil3,14:48:50.860,-76.74
nikhil3,14:48:50.860,-71.39
nikhil3,14:48:50.864,39.35
nikhil3,14:48:50.864,91.05
nikhil3,14:48:50.868,20.88
nikhil3,14:48:50.868,-56.91
nikhil3,14:48:50.872,-62.37
nikhil3,14:48:50.872,-0.57
nikhil3,14:48:50.877,69.32
nikhil3,14:48:50.877,40.77
nikhil3,14:48:50.877,-55.57
nikhil3,14:48:50.881,-50.01
nikhil3,14:48:50.881,37.93
nikhil3,14:48:50.885,38.84
nikhil3,14:48:50.885,-28.07
nikhil3,14:48:50.889,-30.11
nikhil3,14:48:50.889,22.97
nikhil3,14:48:50.893,37.1
nikhil3,14:48:50.893,-3.59
nikhil3,14:48:50.897,-40.8
nikhil3,14:48:50.897,-27.77
nikhil3,14:48:50.901,17.43
nikhil3,14:48:50.901,30.7
nikhil3,14:48:50.905,5.06
nikhil3,14:48:50.905,5.9
nikhil3,14:48:50.910,18.17
nikhil3,14:48:50.910,-23.36
nikhil3,14:48:50.914,-59.43
nikhil3,14:48:50.914,-13.39
nikhil3,14:48:50.918,54.77
nikhil3,14:48:50.918,50.62
nikhil3,14:48:50.921,-10.63
nikhil3,14:48:50.922,-36.79
nikhil3,14:48:50.926,-8.16
nikhil3,14:48:50.926,7.03
nikhil3,14:48:50.930,-14.07
nikhil3,14:48:50.930,-13.97
nikhil3,14:48:50.934,22.64
nikhil3,14:48:50.934,35.42
nikhil3,14:48:50.938,7.78
nikhil3,14:48:50.938,-21.08
nikhil3,14:48:50.942,-32.56
nikhil3,14:48:50.943,-17.15
nikhil3,14:48:50.946,22.17
nikhil3,14:48:50.947,30.96
nikhil3,14:48:50.951,-9.37
nikhil3,14:48:50.951,-20.97
nikhil3,14:48:50.955,18.84
nikhil3,14:48:50.955,27.82
nikhil3,14:48:50.959,-18.3
nikhil3,14:48:50.959,-49.95
nikhil3,14:48:50.963,-19.64
nikhil3,14:48:50.963,36.36
nikhil3,14:48:50.966,50.51
nikhil3,14:48:50.966,14.79
nikhil3,14:48:50.967,-24.59
nikhil3,14:48:50.971,-35.74
nikhil3,14:48:50.971,-15.97
nikhil3,14:48:50.975,10.48
nikhil3,14:48:50.976,9.28
nikhil3,14:48:50.980,0.04
nikhil3,14:48:50.980,21.46
nikhil3,14:48:50.983,27.52
nikhil3,14:48:50.983,-19.73
nikhil3,14:48:50.987,-43.95
nikhil3,14:48:50.987,-13.25
nikhil3,14:48:50.992,5.98
nikhil3,14:48:50.992,23.2
nikhil3,14:48:50.995,62.35
nikhil3,14:48:50.996,23.55
nikhil3,14:48:50.999,-89.1
nikhil3,14:48:50.999,-84.9
nikhil3,14:48:51.003,35.31
nikhil3,14:48:51.004,82.75
nikhil3,14:48:51.007,45.77
nikhil3,14:48:51.008,-6.14
nikhil3,14:48:51.012,-64.17
nikhil3,14:48:51.012,-58.67
nikhil3,14:48:51.016,16.86
nikhil3,14:48:51.016,40.79
nikhil3,14:48:51.020,13.48
nikhil3,14:48:51.020,16.69
nikhil3,14:48:51.025,8.63
nikhil3,14:48:51.025,-30.13
nikhil3,14:48:51.029,-33.46
nikhil3,14:48:51.029,-14.27
nikhil3,14:48:51.032,8.27
nikhil3,14:48:51.032,54.63
nikhil3,14:48:51.037,51.77
nikhil3,14:48:51.037,-34.96
nikhil3,14:48:51.040,-73.03
nikhil3,14:48:51.040,-7.48
nikhil3,14:48:51.044,27.56
nikhil3,14:48:51.044,-6.5
nikhil3,14:48:51.049,15.72
nikhil3,14:48:51.049,66.19
nikhil3,14:48:51.053,1.61
nikhil3,14:48:51.053,-89.45
nikhil3,14:48:51.057,-39.93
nikhil3,14:48:51.057,55.53
nikhil3,14:48:51.057,39.03
nikhil3,14:48:51.061,-23.1
nikhil3,14:48:51.061,-16.15
nikhil3,14:48:51.065,21.88
nikhil3,14:48:51.065,19.26
nikhil3,14:48:51.069,-16.03
nikhil3,14:48:51.069,-37.65
nikhil3,14:48:51.074,-12.48
nikhil3,14:48:51.074,33.8
nikhil3,14:48:51.078,31.52
nikhil3,14:48:51.078,-13.29
nikhil3,14:48:51.082,-23.75
nikhil3,14:48:51.082,2.48
nikhil3,14:48:51.086,13.92
nikhil3,14:48:51.086,5.25
nikhil3,14:48:51.089,-14.32
nikhil3,14:48:51.089,-33.0
nikhil3,14:48:51.094,-7.18
nikhil3,14:48:51.094,59.51
nikhil3,14:48:51.098,58.86
nikhil3,14:48:51.098,-41.04
nikhil3,14:48:51.102,-81.89
nikhil3,14:48:51.102,-1.54
nikhil3,14:48:51.106,42.11
nikhil3,14:48:51.106,5.24
nikhil3,14:48:51.110,6.38
nikhil3,14:48:51.110,27.79
nikhil3,14:48:51.114,-10.61
nikhil3,14:48:51.115,-32.07
nikhil3,14:48:51.118,4.51
nikhil3,14:48:51.119,-7.58
nikhil3,14:48:51.122,-42.2
nikhil3,14:48:51.122,25.14
nikhil3,14:48:51.126,93.55
nikhil3,14:48:51.126,15.99
nikhil3,14:48:51.131,-85.46
nikhil3,14:48:51.131,-63.8
nikhil3,14:48:51.134,11.79
nikhil3,14:48:51.134,61.19
nikhil3,14:48:51.139,68.35
nikhil3,14:48:51.139,-12.72
nikhil3,14:48:51.143,-99.87
nikhil3,14:48:51.143,-37.15
nikhil3,14:48:51.147,69.53
nikhil3,14:48:51.147,47.35
nikhil3,14:48:51.147,-12.27
nikhil3,14:48:51.152,-15.0
nikhil3,14:48:51.152,-26.59
nikhil3,14:48:51.155,-28.92
nikhil3,14:48:51.155,36.9
nikhil3,14:48:51.159,62.49
nikhil4,14:48:54.682,4.83
nikhil4,14:48:54.686,13.84
nikhil4,14:48:54.686,-8.69
nikhil4,14:48:54.690,-58.1
nikhil4,14:48:54.690,-20.91
nikhil4,14:48:54.694,95.55
nikhil4,14:48:54.694,86.4
nikhil4,14:48:54.698,-68.84
nikhil4,14:48:54.698,-131.66
nikhil4,14:48:54.703,-1.54
nikhil4,14:48:54.703,118.11
nikhil4,14:48:54.707,45.81
nikhil4,14:48:54.707,-64.69
nikhil4,14:48:54.707,-34.68
nikhil4,14:48:54.711,15.86
nikhil4,14:48:54.711,-3.1
nikhil4,14:48:54.715,3.47
nikhil4,14:48:54.715,24.11
nikhil4,14:48:54.719,-13.7
nikhil4,14:48:54.719,-31.59
nikhil4,14:48:54.723,24.62
nikhil4,14:48:54.723,50.97
nikhil4,14:48:54.726,1.0
nikhil4,14:48:54.726,-51.56
nikhil4,14:48:54.731,-61.16
nikhil4,14:48:54.731,-1.12
nikhil4,14:48:54.736,97.08
nikhil4,14:48:54.736,71.2
nikhil4,14:48:54.739,-84.35
nikhil4,14:48:54.739,-110.99
nikhil4,14:48:54.744,39.97
nikhil4,14:48:54.744,103.73
nikhil4,14:48:54.747,9.86
nikhil4,14:48:54.747,-51.91
nikhil4,14:48:54.751,-29.69
nikhil4,14:48:54.752,-15.48
nikhil4,14:48:54.756,7.02
nikhil4,14:48:54.756,64.6
nikhil4,14:48:54.760,34.47
nikhil4,14:48:54.760,-79.76
nikhil4,14:48:54.765,-59.77
nikhil4,14:48:54.765,61.08
nikhil4,14:48:54.769,40.16
nikhil4,14:48:54.769,-36.7
nikhil4,14:48:54.773,13.47
nikhil4,14:48:54.773,46.25
nikhil4,14:48:54.777,-41.18
nikhil4,14:48:54.777,-81.73
nikhil4,14:48:54.781,5.33
nikhil4,14:48:54.781,89.88
nikhil4,14:48:54.784,56.83
nikhil4,14:48:54.784,-43.71
nikhil4,14:48:54.789,-82.3
nikhil4,14:48:54.789,-36.93
nikhil4,14:48:54.793,32.28
nikhil4,14:48:54.793,99.12
nikhil4,14:48:54.797,85.57
nikhil4,14:48:54.797,-71.74
nikhil4,14:48:54.801,-182.32
nikhil4,14:48:54.801,-48.85
nikhil4,14:48:54.805,146.86
nikhil4,14:48:54.805,145.61
nikhil4,14:48:54.806,4.65
nikhil4,14:48:54.809,-112.58
nikhil4,14:48:54.810,-125.5
nikhil4,14:48:54.813,0.12
nikhil4,14:48:54.814,127.08
nikhil4,14:48:54.818,64.94
nikhil4,14:48:54.818,-72.6
nikhil4,14:48:54.822,-51.36
nikhil4,14:48:54.822,45.98
nikhil4,14:48:54.825,24.58
nikhil4,14:48:54.825,-35.88
nikhil4,14:48:54.830,-19.2
nikhil4,14:48:54.830,2.81
nikhil4,14:48:54.834,2.96
nikhil4,14:48:54.834,31.13
nikhil4,14:48:54.838,37.46
nikhil4,14:48:54.838,-25.12
nikhil4,14:48:54.842,-56.94
nikhil4,14:48:54.842,-5.54
nikhil4,14:48:54.846,28.81
nikhil4,14:48:54.846,15.91
nikhil4,14:48:54.850,3.73
nikhil4,14:48:54.850,-8.49
nikhil4,14:48:54.854,-4.21
nikhil4,14:48:54.854,23.41
nikhil4,14:48:54.858,14.86
nikhil4,14:48:54.859,-43.34
nikhil4,14:48:54.862,-70.56
nikhil4,14:48:54.863,2.72
nikhil4,14:48:54.867,104.51
nikhil4,14:48:54.867,84.21
nikhil4,14:48:54.871,-47.52
nikhil4,14:48:54.871,-126.4
nikhil4,14:48:54.875,-57.14
nikhil4,14:48:54.875,82.38
nikhil4,14:48:54.878,114.28
nikhil4,14:48:54.879,0.93
nikhil4,14:48:54.882,-82.66
nikhil4,14:48:54.883,-43.62
nikhil4,14:48:54.883,2.18
nikhil4,14:48:54.886,8.49
nikhil4,14:48:54.887,49.53
nikhil4,14:48:54.892,59.77
nikhil4,14:48:54.892,-32.11
nikhil4,14:48:54.895,-81.66
nikhil4,14:48:54.896,-14.48
nikhil4,14:48:54.899,33.37
nikhil4,14:48:54.899,18.97
nikhil4,14:48:54.903,27.34
nikhil4,14:48:54.903,26.07
nikhil4,14:48:54.907,-38.23
nikhil4,14:48:54.907,-60.62
nikhil4,14:48:54.911,-1.39
nikhil4,14:48:54.911,34.11
nikhil4,14:48:54.915,43.43
nikhil4,14:48:54.915,44.23
nikhil4,14:48:54.919,-31.27
nikhil4,14:48:54.920,-102.86
nikhil4,14:48:54.924,-42.35
nikhil4,14:48:54.924,71.89
nikhil4,14:48:54.928,106.36
nikhil4,14:48:54.928,33.89
nikhil4,14:48:54.932,-87.2
nikhil4,14:48:54.932,-129.89
nikhil4,14:48:54.936,0.81
nikhil4,14:48:54.936,153.36
nikhil4,14:48:54.941,76.67
nikhil4,14:48:54.941,-111.39
nikhil4,14:48:54.945,-101.62
nikhil4,14:48:54.945,48.92
nikhil4,14:48:54.948,80.1
nikhil4,14:48:54.948,-5.32
nikhil4,14:48:54.953,-36.38
nikhil4,14:48:54.953,-1.82
nikhil4,14:48:54.957,9.52
nikhil4,14:48:54.957,-9.07
nikhil4,14:48:54.960,-24.51
nikhil4,14:48:54.961,2.15
nikhil4,14:48:54.965,55.49
nikhil4,14:48:54.965,24.73
nikhil4,14:48:54.969,-67.36
nikhil4,14:48:54.969,-44.38
nikhil4,14:48:54.973,59.55
nikhil4,14:48:54.973,43.75
nikhil4,14:48:54.977,-44.79
nikhil4,14:48:54.978,-31.29
nikhil4,14:48:54.980,26.44
nikhil4,14:48:54.980,17.07
nikhil4,14:48:54.980,-6.58
nikhil4,14:48:54.985,-3.26
nikhil4,14:48:54.985,-5.63
nikhil4,14:48:54.989,-10.63
nikhil4,14:48:54.989,0.47
nikhil4,14:48:54.993,17.32
nikhil4,14:48:54.994,22.63
nikhil4,14:48:54.998,0.17
nikhil4,14:48:54.998,-45.9
nikhil4,14:48:55.002,-42.97
nikhil4,14:48:55.002,42.23
nikhil4,14:48:55.006,77.54
nikhil4,14:48:55.006,-13.59
nikhil4,14:48:55.010,-75.58
nikhil4,14:48:55.010,-5.36
nikhil4,14:48:55.014,51.65
nikhil4,14:48:55.014,-1.9
nikhil4,14:48:55.018,-34.29
nikhil4,14:48:55.018,20.46
nikhil4,14:48:55.022,35.73
nikhil4,14:48:55.022,-31.88
nikhil4,14:48:55.026,-50.83
nikhil4,14:48:55.026,26.19
nikhil4,14:48:55.030,57.42
nikhil4,14:48:55.030,-15.25
nikhil4,14:48:55.034,-42.89
nikhil4,14:48:55.034,25.15
nikhil4,14:48:55.039,32.72
nikhil4,14:48:55.039,-48.77
nikhil4,14:48:55.043,-51.58
nikhil4,14:48:55.043,45.33
nikhil4,14:48:55.047,74.07
nikhil4,14:48:55.047,-5.13
nikhil4,14:48:55.051,-62.09
nikhil4,14:48:55.051,-32.04
nikhil4,14:48:55.055,24.33
nikhil4,14:48:55.055,35.01
nikhil4,14:48:55.059,1.59
nikhil4,14:48:55.059,-17.87
nikhil4,14:48:55.063,-2.35
nikhil4,14:48:55.064,4.91
nikhil4,14:48:55.064,-9.01
nikhil4,14:48:55.067,0.95
nikhil4,14:48:55.067,20.09
nikhil4,14:48:55.071,-7.06
nikhil4,14:48:55.071,-27.43
nikhil4,14:48:55.075,17.59
nikhil4,14:48:55.075,37.25
nikhil4,14:48:55.080,-21.5
nikhil4,14:48:55.080,-46.74
nikhil4,14:48:55.083,7.01
nikhil4,14:48:55.083,40.31
nikhil4,14:48:55.087,13.43
nikhil4,14:48:55.088,-20.9
nikhil4,14:48:55.092,-28.16
nikhil4,14:48:55.092,1.67
nikhil4,14:48:55.096,46.43
nikhil4,14:48:55.096,28.09
nikhil4,14:48:55.100,-62.07
nikhil4,14:48:55.100,-79.41
nikhil4,14:48:55.104,41.17
nikhil4,14:48:55.104,119.02
nikhil4,14:48:55.108,14.91
nikhil5,14:49:09.912,11.1
nikhil5,14:49:09.912,17.58
nikhil5,14:49:09.916,-42.23
nikhil5,14:49:09.916,-75.28
nikhil5,14:49:09.920,69.37
nikhil5,14:49:09.921,143.46
nikhil5,14:49:09.924,-71.62
nikhil5,14:49:09.925,-176.42
nikhil5,14:49:09.928,49.32
nikhil5,14:49:09.928,165.96
nikhil5,14:49:09.933,-8.56
nikhil5,14:49:09.933,-108.48
nikhil5,14:49:09.937,-4.46
nikhil5,14:49:09.937,27.74
nikhil5,14:49:09.941,-49.96
nikhil5,14:49:09.941,7.1
nikhil5,14:49:09.945,114.79
nikhil5,14:49:09.945,21.96
nikhil5,14:49:09.949,-111.36
nikhil5,14:49:09.949,-50.07
nikhil5,14:49:09.953,59.44
nikhil5,14:49:09.953,43.1
nikhil5,14:49:09.957,-15.71
nikhil5,14:49:09.957,-30.93
nikhil5,14:49:09.962,-22.02
nikhil5,14:49:09.962,12.6
nikhil5,14:49:09.965,52.61
nikhil5,14:49:09.966,33.47
nikhil5,14:49:09.969,-29.95
nikhil5,14:49:09.970,-70.7
nikhil5,14:49:09.974,-50.56
nikhil5,14:49:09.974,46.53
nikhil5,14:49:09.978,119.45
nikhil5,14:49:09.978,29.48
nikhil5,14:49:09.982,-112.91
nikhil5,14:49:09.982,-91.45
nikhil5,14:49:09.986,51.53
nikhil5,14:49:09.986,87.59
nikhil5,14:49:09.990,-18.32
nikhil5,14:49:09.990,-43.4
nikhil5,14:49:09.994,40.85
nikhil5,14:49:09.995,15.93
nikhil5,14:49:09.998,-57.87
nikhil5,14:49:09.998,-5.31
nikhil5,14:49:10.002,34.58
nikhil5,14:49:10.003,-15.02
nikhil5,14:49:10.006,-12.71
nikhil5,14:49:10.007,26.22
nikhil5,14:49:10.007,14.04
nikhil5,14:49:10.011,-0.9
nikhil5,14:49:10.011,1.62
nikhil5,14:49:10.015,-29.16
nikhil5,14:49:10.015,-42.26
nikhil5,14:49:10.019,22.66
nikhil5,14:49:10.019,55.08
nikhil5,14:49:10.022,-4.14
nikhil5,14:49:10.022,-26.98
nikhil5,14:49:10.027,13.28
nikhil5,14:49:10.027,6.21
nikhil5,14:49:10.031,-39.67
nikhil5,14:49:10.031,-22.47
nikhil5,14:49:10.035,53.02
nikhil5,14:49:10.035,62.34
nikhil5,14:49:10.040,-38.13
nikhil5,14:49:10.040,-90.69
nikhil5,14:49:10.043,-1.42
nikhil5,14:49:10.044,75.76
nikhil5,14:49:10.048,40.76
nikhil5,14:49:10.048,-28.43
nikhil5,14:49:10.052,-55.91
nikhil5,14:49:10.052,-9.44
nikhil5,14:49:10.055,48.96
nikhil5,14:49:10.055,22.59
nikhil5,14:49:10.059,-33.61
nikhil5,14:49:10.059,-24.55
nikhil5,14:49:10.064,14.0
nikhil5,14:49:10.064,14.45
nikhil5,14:49:10.068,8.04
nikhil5,14:49:10.068,26.31
nikhil5,14:49:10.072,-17.09
nikhil5,14:49:10.072,-91.24
nikhil5,14:49:10.076,-3.83
nikhil5,14:49:10.076,135.41
nikhil5,14:49:10.080,51.12
nikhil5,14:49:10.080,-113.75
nikhil5,14:49:10.084,-95.67
nikhil5,14:49:10.084,28.15
nikhil5,14:49:10.088,97.2
nikhil5,14:49:10.088,58.95
nikhil5,14:49:10.092,-50.93
nikhil5,14:49:10.092,-89.55
nikhil5,14:49:10.092,-1.26
nikhil5,14:49:10.097,76.15
nikhil5,14:49:10.097,31.6
nikhil5,14:49:10.100,-56.89
nikhil5,14:49:10.100,-46.36
nikhil5,14:49:10.105,38.65
nikhil5,14:49:10.105,51.12
nikhil5,14:49:10.109,-19.8
nikhil5,14:49:10.109,-46.37
nikhil5,14:49:10.113,9.51
nikhil5,14:49:10.113,36.7
nikhil5,14:49:10.117,-12.22
nikhil5,14:49:10.117,-27.44
nikhil5,14:49:10.121,18.58
nikhil5,14:49:10.121,24.43
nikhil5,14:49:10.125,-13.71
nikhil5,14:49:10.125,-32.79
nikhil5,14:49:10.129,-6.62
nikhil5,14:49:10.129,46.36
nikhil5,14:49:10.133,23.55
nikhil5,14:49:10.133,-51.66
nikhil5,14:49:10.137,-10.23
nikhil5,14:49:10.137,56.13
nikhil5,14:49:10.142,-15.85
nikhil5,14:49:10.142,-66.31
nikhil5,14:49:10.145,10.93
nikhil5,14:49:10.145,56.34
nikhil5,14:49:10.149,14.33
nikhil5,14:49:10.149,-17.96
nikhil5,14:49:10.154,-20.7
nikhil5,14:49:10.154,-21.59
nikhil5,14:49:10.158,6.35
nikhil5,14:49:10.158,47.74
nikhil5,14:49:10.162,14.11
nikhil5,14:49:10.162,-61.96
nikhil5,14:49:10.166,-41.93
nikhil5,14:49:10.166,59.17
nikhil5,14:49:10.170,82.16
nikhil5,14:49:10.170,-33.47
nikhil5,14:49:10.174,-121.0
nikhil5,14:49:10.174,-6.98
nikhil5,14:49:10.178,131.5
nikhil5,14:49:10.178,42.27
nikhil5,14:49:10.182,-103.03
nikhil5,14:49:10.182,-57.6
nikhil5,14:49:10.187,49.96
nikhil5,14:49:10.187,45.8
nikhil5,14:49:10.187,-1.93
nikhil5,14:49:10.190,-12.23
nikhil5,14:49:10.191,-20.69
nikhil5,14:49:10.195,-20.6
nikhil5,14:49:10.195,28.48
nikhil5,14:49:10.199,43.58
nikhil5,14:49:10.199,-27.65
nikhil5,14:49:10.203,-59.72
nikhil5,14:49:10.203,4.56
nikhil5,14:49:10.207,56.06
nikhil5,14:49:10.207,27.2
nikhil5,14:49:10.211,-30.97
nikhil5,14:49:10.211,-33.95
nikhil5,14:49:10.215,12.27
nikhil5,14:49:10.215,17.83
nikhil5,14:49:10.219,-14.56
nikhil5,14:49:10.219,-8.5
nikhil5,14:49:10.223,17.64
nikhil5,14:49:10.223,12.66
nikhil5,14:49:10.228,-5.13
nikhil5,14:49:10.228,-15.87
nikhil5,14:49:10.231,-13.22
nikhil5,14:49:10.231,14.25
nikhil5,14:49:10.236,29.07
nikhil5,14:49:10.236,-7.2
nikhil5,14:49:10.239,-40.83
nikhil5,14:49:10.240,-9.63
nikhil5,14:49:10.244,36.02
nikhil5,14:49:10.244,24.07
nikhil5,14:49:10.248,-11.07
nikhil5,14:49:10.248,-20.0
nikhil5,14:49:10.252,-16.34
nikhil5,14:49:10.252,-1.52
nikhil5,14:49:10.256,28.66
nikhil5,14:49:10.256,34.81
nikhil5,14:49:10.260,-14.4
nikhil5,14:49:10.260,-66.9
nikhil5,14:49:10.264,-26.95
nikhil5,14:49:10.264,71.15
nikhil5,14:49:10.269,73.23
nikhil5,14:49:10.269,-33.7
nikhil5,14:49:10.273,-95.74
nikhil5,14:49:10.273,-31.3
nikhil5,14:49:10.277,80.51
nikhil5,14:49:10.277,92.08
nikhil5,14:49:10.277,-32.0
nikhil5,14:49:10.280,-113.42
nikhil5,14:49:10.280,-26.12
nikhil5,14:49:10.285,81.83
nikhil5,14:49:10.285,61.85
nikhil5,14:49:10.289,-20.07
nikhil5,14:49:10.289,-60.3
nikhil5,14:49:10.293,-35.76
nikhil5,14:49:10.293,34.23
nikhil5,14:49:10.297,66.42
nikhil5,14:49:10.298,-0.67
nikhil5,14:49:10.302,-60.16
nikhil5,14:49:10.302,-24.89
nikhil5,14:49:10.305,6.91
nikhil5,14:49:10.305,11.54
nikhil5,14:49:10.309,58.89
nikhil5,14:49:10.309,39.05
nikhil5,14:49:10.313,-85.72
nikhil5,14:49:10.313,-73.91
nikhil5,14:49:10.318,83.72
nikhil5,14:49:10.318,73.31
nikhil5,14:49:10.322,-85.39
nikhil5,14:49:10.322,-67.46
nikhil5,14:49:10.325,79.41
nikhil5,14:49:10.326,69.45
nikhil5,14:49:10.330,-42.21
nikhil5,14:49:10.330,-62.23
nikhil5,14:49:10.334,-15.59
nikhil5,14:49:10.334,39.05
nikhil5,14:49:10.338,63.77
niya1,14:50:57.127,14.57
niya1,14:50:57.127,29.44
niya1,14:50:57.132,-42.39
niya1,14:50:57.132,-124.6
niya1,14:50:57.136,17.26
niya1,14:50:57.136,210.04
niya1,14:50:57.140,75.27
niya1,14:50:57.140,-169.22
niya1,14:50:57.144,-129.15
niya1,14:50:57.144,33.41
niya1,14:50:57.148,88.63
niya1,14:50:57.148,88.0
niya1,14:50:57.152,-7.55
niya1,14:50:57.153,-144.27
niya1,14:50:57.156,-58.97
niya1,14:50:57.157,128.68
niya1,14:50:57.159,80.42
niya1,14:50:57.161,-74.74
niya1,14:50:57.164,-66.2
niya1,14:50:57.165,32.05
niya1,14:50:57.169,85.77
niya1,14:50:57.169,36.55
niya1,14:50:57.172,-132.92
niya1,14:50:57.172,-172.88
niya1,14:50:57.172,88.75
niya1,14:50:57.177,258.76
niya1,14:50:57.177,44.09
niya1,14:50:57.180,-187.55
niya1,14:50:57.181,-122.35
niya1,14:50:57.184,61.51
niya1,14:50:57.185,120.98
niya1,14:50:57.189,3.57
niya1,14:50:57.189,-121.62
niya1,14:50:57.193,-40.51
niya1,14:50:57.193,116.43
niya1,14:50:57.196,78.31
niya1,14:50:57.196,-60.63
niya1,14:50:57.201,-71.9
niya1,14:50:57.202,-5.9
niya1,14:50:57.205,12.84
niya1,14:50:57.205,18.89
niya1,14:50:57.209,48.34
niya1,14:50:57.210,30.01
niya1,14:50:57.214,-61.9
niya1,14:50:57.214,-92.4
niya1,14:50:57.218,18.75
niya1,14:50:57.218,98.72
niya1,14:50:57.222,18.75
niya1,14:50:57.222,-50.14
niya1,14:50:57.226,10.47
niya1,14:50:57.226,34.13
niya1,14:50:57.230,-36.27
niya1,14:50:57.230,-41.91
niya1,14:50:57.234,-9.82
niya1,14:50:57.235,-33.45
niya1,14:50:57.238,20.28
niya1,14:50:57.238,124.03
niya1,14:50:57.242,50.89
niya1,14:50:57.243,-73.67
niya1,14:50:57.246,-47.04
niya1,14:50:57.246,-33.78
niya1,14:50:57.250,-62.47
niya1,14:50:57.250,44.99
niya1,14:50:57.254,123.09
niya1,14:50:57.255,-15.65
niya1,14:50:57.259,-109.7
niya1,14:50:57.259,18.77
niya1,14:50:57.262,94.49
niya1,14:50:57.263,-23.7
niya1,14:50:57.263,-71.0
niya1,14:50:57.266,41.8
niya1,14:50:57.266,49.47
niya1,14:50:57.271,-82.97
niya1,14:50:57.271,-73.47
niya1,14:50:57.275,78.08
niya1,14:50:57.275,99.68
niya1,14:50:57.279,-11.09
niya1,14:50:57.279,-72.59
niya1,14:50:57.283,-55.0
niya1,14:50:57.284,30.53
niya1,14:50:57.288,103.81
niya1,14:50:57.288,0.57
niya1,14:50:57.292,-124.75
niya1,14:50:57.292,-39.56
niya1,14:50:57.296,65.42
niya1,14:50:57.296,43.09
niya1,14:50:57.300,25.75
niya1,14:50:57.300,2.68
niya1,14:50:57.304,-40.6
niya1,14:50:57.304,-0.03
niya1,14:50:57.308,23.01
niya1,14:50:57.308,-51.77
niya1,14:50:57.312,-44.61
niya1,14:50:57.312,43.66
niya1,14:50:57.316,29.2
niya1,14:50:57.316,-4.99
niya1,14:50:57.320,48.04
niya1,14:50:57.320,24.34
niya1,14:50:57.324,-89.8
niya1,14:50:57.324,-68.64
niya1,14:50:57.328,69.83
niya1,14:50:57.328,101.32
niya1,14:50:57.333,-17.43
niya1,14:50:57.333,-126.91
niya1,14:50:57.336,-62.48
niya1,14:50:57.336,102.46
niya1,14:50:57.340,109.4
niya1,14:50:57.340,-40.35
niya1,14:50:57.344,-68.28
niya1,14:50:57.344,45.19
niya1,14:50:57.349,29.0
niya1,14:50:57.349,-89.41
niya1,14:50:57.353,-52.39
niya1,14:50:57.353,43.48
niya1,14:50:57.353,27.3
niya1,14:50:57.357,38.96
niya1,14:50:57.357,67.45
niya1,14:50:57.361,-37.99
niya1,14:50:57.362,-93.11
niya1,14:50:57.365,16.19
niya1,14:50:57.366,41.05
niya1,14:50:57.369,-36.86
niya1,14:50:57.369,-4.13
niya1,14:50:57.373,47.82
niya1,14:50:57.373,-20.08
niya1,14:50:57.377,-56.89
niya1,14:50:57.377,18.64
niya1,14:50:57.381,76.43
niya1,14:50:57.381,53.42
niya1,14:50:57.386,-23.55
niya1,14:50:57.386,-106.55
niya1,14:50:57.390,-84.04
niya1,14:50:57.390,51.43
niya1,14:50:57.394,116.8
niya1,14:50:57.394,31.35
niya1,14:50:57.397,-74.22
niya1,14:50:57.397,-82.51
niya1,14:50:57.401,21.95
niya1,14:50:57.402,138.56
niya1,14:50:57.406,65.25
niya1,14:50:57.406,-151.94
niya1,14:50:57.410,-156.24
niya1,14:50:57.410,76.01
niya1,14:50:57.414,150.2
niya1,14:50:57.414,-2.43
niya1,14:50:57.418,-86.99
niya1,14:50:57.418,-33.63
niya1,14:50:57.422,47.75
niya1,14:50:57.422,93.16
niya1,14:50:57.426,12.44
niya1,14:50:57.426,-126.44
niya1,14:50:57.431,-91.33
niya1,14:50:57.431,67.47
niya1,14:50:57.435,99.01
niya1,14:50:57.435,12.61
niya1,14:50:57.439,-54.65
niya1,14:50:57.439,-67.93
niya1,14:50:57.443,18.0
niya1,14:50:57.443,123.43
niya1,14:50:57.443,43.14
niya1,14:50:57.447,-124.73
niya1,14:50:57.447,-107.04
niya1,14:50:57.451,38.71
niya1,14:50:57.452,84.48
niya1,14:50:57.455,21.05
niya1,14:50:57.455,-21.38
niya1,14:50:57.459,-6.05
niya1,14:50:57.459,6.17
niya1,14:50:57.463,6.36
niya1,14:50:57.463,6.93
niya1,14:50:57.468,-25.37
niya1,14:50:57.468,-31.41
niya1,14:50:57.471,16.43
niya1,14:50:57.471,-7.12
niya1,14:50:57.475,-37.99
niya1,14:50:57.475,63.42
niya1,14:50:57.479,91.37
niya1,14:50:57.479,-56.34
niya1,14:50:57.484,-72.2
niya1,14:50:57.484,58.12
niya1,14:50:57.488,10.79
niya1,14:50:57.488,-105.58
niya1,14:50:57.492,-5.51
niya1,14:50:57.493,109.37
niya1,14:50:57.496,7.44
niya1,14:50:57.497,-85.26
niya1,14:50:57.501,8.26
niya1,14:50:57.501,98.86
niya1,14:50:57.504,45.39
niya1,14:50:57.505,-72.62
niya1,14:50:57.509,-123.63
niya1,14:50:57.509,-17.65
niya1,14:50:57.513,117.72
niya1,14:50:57.513,44.88
niya1,14:50:57.517,-94.41
niya1,14:50:57.517,-1.01
niya1,14:50:57.520,114.28
niya1,14:50:57.521,-25.2
niya1,14:50:57.525,-100.19
niya1,14:50:57.525,68.9
niya1,14:50:57.529,69.27
niya1,14:50:57.529,-134.69
niya1,14:50:57.533,-106.45
niya1,14:50:57.533,97.74
niya1,14:50:57.537,134.2
niya1,14:50:57.537,35.75
niya1,14:50:57.537,-61.5
niya1,14:50:57.541,-121.72
niya1,14:50:57.541,-34.32
niya1,14:50:57.546,129.12
niya1,14:50:57.546,83.2
niya1,14:50:57.549,-94.82
niya1,14:50:57.549,-88.77
niya1,14:50:57.554,28.38
niya2,14:51:07.253,14.72
niya2,14:51:07.253,25.53
niya2,14:51:07.257,-56.02
niya2,14:51:07.258,-128.58
niya2,14:51:07.261,56.09
niya2,14:51:07.261,263.79
niya2,14:51:07.261,66.72
niya2,14:51:07.265,-245.16
niya2,14:51:07.270,-200.82
niya2,14:51:07.270,14.5
niya2,14:51:07.270,134.47
niya2,14:51:07.274,187.15
niya2,14:51:07.274,84.66
niya2,14:51:07.278,-154.64
niya2,14:51:07.278,-194.35
niya2,14:51:07.282,8.39
niya2,14:51:07.282,121.59
niya2,14:51:07.286,57.71
niya2,14:51:07.286,-20.21
niya2,14:51:07.291,-42.4
niya2,14:51:07.291,-13.69
niya2,14:51:07.294,25.57
niya2,14:51:07.294,7.91
niya2,14:51:07.299,-26.67
niya2,14:51:07.299,4.68
niya2,14:51:07.303,31.71
niya2,14:51:07.303,-14.4
niya2,14:51:07.307,-27.33
niya2,14:51:07.307,15.34
niya2,14:51:07.311,4.89
niya2,14:51:07.311,-15.88
niya2,14:51:07.314,16.62
niya2,14:51:07.314,10.84
niya2,14:51:07.319,-25.66
niya2,14:51:07.319,11.84
niya2,14:51:07.323,48.73
niya2,14:51:07.323,-9.76
niya2,14:51:07.328,-54.19
niya2,14:51:07.328,-14.32
niya2,14:51:07.332,-5.78
niya2,14:51:07.332,-34.62
niya2,14:51:07.336,30.7
niya2,14:51:07.336,104.96
niya2,14:51:07.339,49.33
niya2,14:51:07.339,-27.07
niya2,14:51:07.344,-76.06
niya2,14:51:07.344,-128.59
niya2,14:51:07.348,-35.73
niya2,14:51:07.348,149.62
niya2,14:51:07.351,112.31
niya2,14:51:07.351,-64.65
niya2,14:51:07.356,-54.34
niya2,14:51:07.356,28.91
niya2,14:51:07.356,-33.75
niya2,14:51:07.359,-51.18
niya2,14:51:07.360,82.72
niya2,14:51:07.364,81.83
niya2,14:51:07.364,-89.85
niya2,14:51:07.367,-101.19
niya2,14:51:07.367,40.06
niya2,14:51:07.372,69.62
niya2,14:51:07.372,24.54
niya2,14:51:07.376,5.11
niya2,14:51:07.376,-47.6
niya2,14:51:07.381,-53.82
niya2,14:51:07.381,57.99
niya2,14:51:07.385,77.62
niya2,14:51:07.385,-55.88
niya2,14:51:07.389,-95.29
niya2,14:51:07.389,-8.5
niya2,14:51:07.392,44.6
niya2,14:51:07.392,63.04
niya2,14:51:07.396,45.8
niya2,14:51:07.397,-22.22
niya2,14:51:07.402,-34.5
niya2,14:51:07.402,-10.92
niya2,14:51:07.405,-52.49
niya2,14:51:07.406,-40.62
niya2,14:51:07.409,77.4
niya2,14:51:07.409,75.09
niya2,14:51:07.414,-62.11
niya2,14:51:07.414,-61.53
niya2,14:51:07.418,50.41
niya2,14:51:07.418,54.83
niya2,14:51:07.421,16.72
niya2,14:51:07.421,-3.38
niya2,14:51:07.425,-88.07
niya2,14:51:07.425,-92.87
niya2,14:51:07.430,67.61
niya2,14:51:07.430,102.23
niya2,14:51:07.433,-40.65
niya2,14:51:07.434,-37.04
niya2,14:51:07.438,67.42
niya2,14:51:07.438,14.21
niya2,14:51:07.442,-47.76
niya2,14:51:07.442,5.3
niya2,14:51:07.442,-9.9
niya2,14:51:07.446,-58.42
niya2,14:51:07.446,8.23
niya2,14:51:07.450,45.39
niya2,14:51:07.450,-9.4
niya2,14:51:07.454,16.32
niya2,14:51:07.454,72.31
niya2,14:51:07.458,0.48
niya2,14:51:07.459,-85.6
niya2,14:51:07.463,-55.06
niya2,14:51:07.463,13.07
niya2,14:51:07.467,50.79
niya2,14:51:07.467,47.03
niya2,14:51:07.471,-34.02
niya2,14:51:07.471,-86.27
niya2,14:51:07.475,19.9
niya2,14:51:07.475,108.69
niya2,14:51:07.478,40.03
niya2,14:51:07.479,-26.82
niya2,14:51:07.483,-66.71
niya2,14:51:07.483,-116.18
niya2,14:51:07.487,-11.07
niya2,14:51:07.487,164.34
niya2,14:51:07.491,98.4
niya2,14:51:07.491,-115.31
niya2,14:51:07.495,-127.94
niya2,14:51:07.495,41.77
niya2,14:51:07.499,117.3
niya2,14:51:07.499,49.3
niya2,14:51:07.503,-43.35
niya2,14:51:07.503,-95.66
niya2,14:51:07.508,-53.82
niya2,14:51:07.508,43.75
niya2,14:51:07.512,57.76
niya2,14:51:07.512,2.35
niya2,14:51:07.515,-10.35
niya2,14:51:07.516,3.06
niya2,14:51:07.520,20.47
niya2,14:51:07.520,48.71
niya2,14:51:07.524,-14.76
niya2,14:51:07.524,-130.64
niya2,14:51:07.527,-63.68
niya2,14:51:07.527,112.89
niya2,14:51:07.532,89.04
niya2,14:51:07.532,-53.82
niya2,14:51:07.535,-26.01
niya2,14:51:07.536,51.95
niya2,14:51:07.536,-24.95
niya2,14:51:07.540,-56.07
niya2,14:51:07.541,60.28
niya2,14:51:07.544,59.33
niya2,14:51:07.544,-83.47
niya2,14:51:07.548,-109.73
niya2,14:51:07.548,10.8
niya2,14:51:07.552,123.11
niya2,14:51:07.552,112.87
niya2,14:51:07.556,-38.18
niya2,14:51:07.556,-146.67
niya2,14:51:07.561,-40.14
niya2,14:51:07.561,107.64
niya2,14:51:07.565,69.89
niya2,14:51:07.565,-61.55
niya2,14:51:07.569,-112.02
niya2,14:51:07.569,-31.59
niya2,14:51:07.573,120.44
niya2,14:51:07.574,132.29
niya2,14:51:07.577,-55.21
niya2,14:51:07.578,-121.8
niya2,14:51:07.581,28.1
niya2,14:51:07.581,45.11
niya2,14:51:07.585,-74.46
niya2,14:51:07.586,-2.83
niya2,14:51:07.589,101.64
niya2,14:51:07.590,-33.6
niya2,14:51:07.593,-107.44
niya2,14:51:07.594,66.92
niya2,14:51:07.598,112.84
niya2,14:51:07.598,-56.21
niya2,14:51:07.602,-67.17
niya2,14:51:07.602,59.38
niya2,14:51:07.606,14.58
niya2,14:51:07.606,-86.1
niya2,14:51:07.610,-38.94
niya2,14:51:07.610,28.4
niya2,14:51:07.614,61.87
niya2,14:51:07.614,93.69
niya2,14:51:07.618,-0.95
niya2,14:51:07.618,-146.07
niya2,14:51:07.622,-66.08
niya2,14:51:07.622,126.66
niya2,14:51:07.626,87.99
niya2,14:51:07.626,-96.61
niya2,14:51:07.630,-106.14
niya2,14:51:07.631,35.81
niya2,14:51:07.631,101.1
niya2,14:51:07.635,39.17
niya2,14:51:07.635,-53.18
niya2,14:51:07.638,-65.37
niya2,14:51:07.639,30.07
niya2,14:51:07.643,73.97
niya2,14:51:07.643,-29.82
niya2,14:51:07.646,-80.21
niya2,14:51:07.646,1.24
niya2,14:51:07.651,13.39
niya2,14:51:07.651,-9.88
niya2,14:51:07.655,71.95
niya2,14:51:07.655,70.04
niya2,14:51:07.659,-57.06
niya2,14:51:07.659,-46.06
niya2,14:51:07.663,14.1
niya2,14:51:07.663,-56.49
niya2,14:51:07.667,-41.13
niya2,14:51:07.667,74.34
niya2,14:51:07.672,48.93
niya2,14:51:07.672,-8.85
niya2,14:51:07.676,26.48
niya2,14:51:07.676,-16.21
niya2,14:51:07.679,-104.98
niya3,14:51:13.566,14.68
niya3,14:51:13.566,29.61
niya3,14:51:13.566,-42.88
niya3,14:51:13.570,-125.43
niya3,14:51:13.570,18.09
niya3,14:51:13.574,205.48
niya3,14:51:13.574,59.74
niya3,14:51:13.578,-158.43
niya3,14:51:13.578,-64.77
niya3,14:51:13.582,69.43
niya3,14:51:13.582,-2.07
niya3,14:51:13.586,-62.07
niya3,14:51:13.586,-8.41
niya3,14:51:13.590,63.67
niya3,14:51:13.590,93.44
niya3,14:51:13.594,10.79
niya3,14:51:13.594,-121.69
niya3,14:51:13.598,-97.38
niya3,14:51:13.598,74.85
niya3,14:51:13.602,137.0
niya3,14:51:13.602,4.1
niya3,14:51:13.606,-126.61
niya3,14:51:13.606,-102.75
niya3,14:51:13.611,47.68
niya3,14:51:13.611,156.4
niya3,14:51:13.614,54.88
niya3,14:51:13.616,-125.45
niya3,14:51:13.619,-89.79
niya3,14:51:13.619,95.13
niya3,14:51:13.623,84.38
niya3,14:51:13.624,-90.13
niya3,14:51:13.627,-83.67
niya3,14:51:13.627,38.96
niya3,14:51:13.631,18.93
niya3,14:51:13.631,12.43
niya3,14:51:13.635,95.66
niya3,14:51:13.635,9.08
niya3,14:51:13.639,-133.99
niya3,14:51:13.639,-27.54
niya3,14:51:13.643,103.78
niya3,14:51:13.644,-2.4
niya3,14:51:13.648,-98.43
niya3,14:51:13.648,-3.1
niya3,14:51:13.652,91.39
niya3,14:51:13.652,57.2
niya3,14:51:13.656,-26.59
niya3,14:51:13.656,-69.91
niya3,14:51:13.660,-46.92
niya3,14:51:13.660,11.0
niya3,14:51:13.660,59.87
niya3,14:51:13.664,69.04
niya3,14:51:13.664,-4.27
niya3,14:51:13.668,-108.56
niya3,14:51:13.668,-76.12
niya3,14:51:13.671,71.36
niya3,14:51:13.671,94.56
niya3,14:51:13.676,-13.67
niya3,14:51:13.676,-17.64
niya3,14:51:13.681,46.21
niya3,14:51:13.681,-39.72
niya3,14:51:13.685,-126.3
niya3,14:51:13.685,10.72
niya3,14:51:13.689,117.5
niya3,14:51:13.689,-10.6
niya3,14:51:13.693,-68.28
niya3,14:51:13.693,57.13
niya3,14:51:13.697,71.57
niya3,14:51:13.697,-22.2
niya3,14:51:13.701,-37.24
niya3,14:51:13.701,-54.82
niya3,14:51:13.705,-67.54
niya3,14:51:13.705,54.74
niya3,14:51:13.709,120.69
niya3,14:51:13.709,-31.18
niya3,14:51:13.714,-110.22
niya3,14:51:13.714,32.61
niya3,14:51:13.717,91.56
niya3,14:51:13.717,-5.57
niya3,14:51:13.721,-24.8
niya3,14:51:13.721,-9.13
niya3,14:51:13.725,-56.12
niya3,14:51:13.725,-47.48
niya3,14:51:13.729,22.73
niya3,14:51:13.729,76.3
niya3,14:51:13.733,88.48
niya3,14:51:13.733,-12.22
niya3,14:51:13.738,-140.82
niya3,14:51:13.738,-46.86
niya3,14:51:13.742,142.42
niya3,14:51:13.742,56.73
niya3,14:51:13.746,-134.05
niya3,14:51:13.746,-52.54
niya3,14:51:13.749,85.93
niya3,14:51:13.750,11.81
niya3,14:51:13.750,-36.85
niya3,14:51:13.755,38.28
niya3,14:51:13.755,25.34
niya3,14:51:13.758,-15.15
niya3,14:51:13.758,22.79
niya3,14:51:13.763,-28.51
niya3,14:51:13.763,-108.84
niya3,14:51:13.767,6.31
niya3,14:51:13.767,125.01
niya3,14:51:13.771,29.08
niya3,14:51:13.771,-70.67
niya3,14:51:13.774,-38.45
niya3,14:51:13.774,1.38
niya3,14:51:13.779,51.79
niya3,14:51:13.779,100.27
niya3,14:51:13.783,-17.25
niya3,14:51:13.783,-172.51
niya3,14:51:13.787,-90.06
niya3,14:51:13.787,90.0
niya3,14:51:13.790,127.94
niya3,14:51:13.792,72.14
niya3,14:51:13.795,-19.18
niya3,14:51:13.796,-119.67
niya3,14:51:13.799,-107.83
niya3,14:51:13.799,23.42
niya3,14:51:13.804,131.24
niya3,14:51:13.804,109.62
niya3,14:51:13.808,-42.74
niya3,14:51:13.808,-173.64
niya3,14:51:13.812,-98.41
niya3,14:51:13.812,102.57
niya3,14:51:13.816,153.78
niya3,14:51:13.816,30.98
niya3,14:51:13.820,-38.19
niya3,14:51:13.820,-44.42
niya3,14:51:13.824,-102.45
niya3,14:51:13.824,-69.67
niya3,14:51:13.827,105.97
niya3,14:51:13.827,132.87
niya3,14:51:13.832,-39.97
niya3,14:51:13.833,-102.43
niya3,14:51:13.833,-7.11
niya3,14:51:13.836,60.42
niya3,14:51:13.840,67.6
niya3,14:51:13.840,1.5
niya3,14:51:13.844,-109.6
niya3,14:51:13.844,-72.2
niya3,14:51:13.844,76.87
niya3,14:51:13.848,53.49
niya3,14:51:13.848,-56.61
niya3,14:51:13.852,22.96
niya3,14:51:13.852,105.17
niya3,14:51:13.857,-41.59
niya3,14:51:13.857,-140.3
niya3,14:51:13.861,19.5
niya3,14:51:13.861,140.61
niya3,14:51:13.865,6.57
niya3,14:51:13.865,-140.95
niya3,14:51:13.869,-72.99
niya3,14:51:13.869,95.71
niya3,14:51:13.873,137.23
niya3,14:51:13.873,0.41
niya3,14:51:13.877,-125.44
niya3,14:51:13.877,-53.94
niya3,14:51:13.881,84.43
niya3,14:51:13.881,48.73
niya3,14:51:13.885,-59.59
niya3,14:51:13.885,-25.86
niya3,14:51:13.890,26.03
niya3,14:51:13.890,-34.58
niya3,14:51:13.894,-24.15
niya3,14:51:13.894,82.91
niya3,14:51:13.897,74.71
niya3,14:51:13.897,-11.81
niya3,14:51:13.902,-55.13
niya3,14:51:13.902,-97.79
niya3,14:51:13.906,-68.85
niya3,14:51:13.906,99.65
niya3,14:51:13.910,154.25
niya3,14:51:13.910,-46.7
niya3,14:51:13.914,-151.02
niya3,14:51:13.914,21.09
niya3,14:51:13.918,108.39
niya3,14:51:13.918,-3.82
niya3,14:51:13.922,-21.82
niya3,14:51:13.922,35.34
niya3,14:51:13.926,-40.54
niya3,14:51:13.926,-133.46
niya3,14:51:13.931,-40.6
niya3,14:51:13.931,153.27
niya3,14:51:13.934,176.78
niya3,14:51:13.934,-33.14
niya3,14:51:13.935,-194.43
niya3,14:51:13.939,-86.41
niya3,14:51:13.939,120.21
niya3,14:51:13.943,137.2
niya3,14:51:13.943,-37.36
niya3,14:51:13.947,-163.35
niya3,14:51:13.947,-63.17
niya3,14:51:13.951,138.37
niya3,14:51:13.951,133.73
niya3,14:51:13.955,-55.25
niya3,14:51:13.955,-116.36
niya3,14:51:13.959,-15.82
niya3,14:51:13.959,71.66
niya3,14:51:13.963,79.85
niya3,14:51:13.963,-20.22
niya3,14:51:13.967,-140.71
niya3,14:51:13.968,-73.05
niya3,14:51:13.970,107.26
niya3,14:51:13.972,120.65
niya3,14:51:13.975,-10.16
niya3,14:51:13.976,-71.86
niya3,14:51:13.980,-8.01
niya3,14:51:13.980,69.33
niya3,14:51:13.984,-7.2
niya3,14:51:13.984,-156.28
niya3,14:51:13.988,-68.73
niya4,14:51:26.264,14.59
niya4,14:51:26.264,29.52
niya4,14:51:26.268,-43.31
niya4,14:51:26.268,-125.93
niya4,14:51:26.273,10.71
niya4,14:51:26.273,191.36
niya4,14:51:26.277,93.31
niya4,14:51:26.277,-73.62
niya4,14:51:26.280,-88.91
niya4,14:51:26.280,-114.88
niya4,14:51:26.285,-94.32
niya4,14:51:26.285,115.37
niya4,14:51:26.289,222.05
niya4,14:51:26.289,41.93
niya4,14:51:26.293,-126.92
niya4,14:51:26.294,-110.27
niya4,14:51:26.297,-41.11
niya4,14:51:26.297,25.92
niya4,14:51:26.301,88.22
niya4,14:51:26.301,66.95
niya4,14:51:26.305,-21.86
niya4,14:51:26.305,-65.85
niya4,14:51:26.309,-38.63
niya4,14:51:26.309,7.14
niya4,14:51:26.313,32.06
niya4,14:51:26.314,16.7
niya4,14:51:26.317,-5.68
niya4,14:51:26.317,24.85
niya4,14:51:26.322,30.64
niya4,14:51:26.322,-48.21
niya4,14:51:26.326,-59.2
niya4,14:51:26.326,-2.43
niya4,14:51:26.330,-13.92
niya4,14:51:26.330,29.25
niya4,14:51:26.333,119.23
niya4,14:51:26.333,9.73
niya4,14:51:26.338,-112.9
niya4,14:51:26.338,13.14
niya4,14:51:26.342,59.83
niya4,14:51:26.342,-99.48
niya4,14:51:26.346,-64.26
niya4,14:51:26.346,93.68
niya4,14:51:26.350,34.0
niya4,14:51:26.350,-16.47
niya4,14:51:26.354,74.28
niya4,14:51:26.354,-3.08
niya4,14:51:26.358,-137.49
niya4,14:51:26.359,-8.14
niya4,14:51:26.359,130.76
niya4,14:51:26.363,4.55
niya4,14:51:26.363,-128.41
niya4,14:51:26.367,-42.42
niya4,14:51:26.367,103.96
niya4,14:51:26.371,106.31
niya4,14:51:26.371,-20.01
niya4,14:51:26.375,-106.79
niya4,14:51:26.375,-54.82
niya4,14:51:26.379,48.96
niya4,14:51:26.379,68.66
niya4,14:51:26.383,4.82
niya4,14:51:26.383,-41.41
niya4,14:51:26.387,-33.64
niya4,14:51:26.387,-6.06
niya4,14:51:26.391,26.95
niya4,14:51:26.391,30.27
niya4,14:51:26.395,-10.62
niya4,14:51:26.395,9.15
niya4,14:51:26.399,66.08
niya4,14:51:26.400,-29.53
niya4,14:51:26.403,-158.06
niya4,14:51:26.404,-42.33
niya4,14:51:26.408,147.92
niya4,14:51:26.408,98.89
niya4,14:51:26.412,-61.04
niya4,14:51:26.412,-70.75
niya4,14:51:26.416,11.35
niya4,14:51:26.416,45.71
niya4,14:51:26.420,30.27
niya4,14:51:26.420,-32.44
niya4,14:51:26.424,-78.49
niya4,14:51:26.424,-16.8
niya4,14:51:26.428,43.1
niya4,14:51:26.428,21.2
niya4,14:51:26.432,39.97
niya4,14:51:26.432,50.29
niya4,14:51:26.436,-64.07
niya4,14:51:26.436,-79.02
niya4,14:51:26.440,76.39
niya4,14:51:26.440,52.2
niya4,14:51:26.444,-120.78
niya4,14:51:26.444,-59.98
niya4,14:51:26.448,108.29
niya4,14:51:26.448,67.31
niya4,14:51:26.448,-27.28
niya4,14:51:26.453,-16.61
niya4,14:51:26.453,-38.93
niya4,14:51:26.457,-41.19
niya4,14:51:26.457,86.21
niya4,14:51:26.461,93.69
niya4,14:51:26.461,-99.86
niya4,14:51:26.465,-145.15
niya4,14:51:26.465,17.21
niya4,14:51:26.469,102.93
niya4,14:51:26.469,73.35
niya4,14:51:26.472,17.12
niya4,14:51:26.474,-49.95
niya4,14:51:26.477,-42.55
niya4,14:51:26.478,8.56
niya4,14:51:26.481,-29.85
niya4,14:51:26.482,-44.62
niya4,14:51:26.485,57.32
niya4,14:51:26.486,65.4
niya4,14:51:26.490,-48.09
niya4,14:51:26.490,-42.43
niya4,14:51:26.493,42.64
niya4,14:51:26.493,43.31
niya4,14:51:26.498,27.45
niya4,14:51:26.498,-16.88
niya4,14:51:26.502,-120.59
niya4,14:51:26.502,-67.42
niya4,14:51:26.505,119.72
niya4,14:51:26.505,100.73
niya4,14:51:26.510,-74.33
niya4,14:51:26.510,-72.03
niya4,14:51:26.514,47.28
niya4,14:51:26.514,60.28
niya4,14:51:26.518,23.15
niya4,14:51:26.519,-21.6
niya4,14:51:26.523,-105.91
niya4,14:51:26.523,-67.77
niya4,14:51:26.527,100.76
niya4,14:51:26.527,104.12
niya4,14:51:26.531,-55.1
niya4,14:51:26.531,-78.97
niya4,14:51:26.534,23.97
niya4,14:51:26.534,60.06
niya4,14:51:26.534,40.98
niya4,14:51:26.539,-9.01
niya4,14:51:26.543,-101.06
niya4,14:51:26.543,-77.33
niya4,14:51:26.543,76.41
niya4,14:51:26.547,99.17
niya4,14:51:26.547,-25.83
niya4,14:51:26.551,-64.39
niya4,14:51:26.551,0.24
niya4,14:51:26.555,47.08
niya4,14:51:26.555,46.78
niya4,14:51:26.559,-11.82
niya4,14:51:26.560,-83.95
niya4,14:51:26.563,-47.71
niya4,14:51:26.564,56.0
niya4,14:51:26.568,46.68
niya4,14:51:26.568,-33.77
niya4,14:51:26.571,-15.71
niya4,14:51:26.571,40.07
niya4,14:51:26.576,33.11
niya4,14:51:26.576,13.29
niya4,14:51:26.579,-29.26
niya4,14:51:26.579,-93.15
niya4,14:51:26.583,-41.12
niya4,14:51:26.584,98.65
niya4,14:51:26.587,92.37
niya4,14:51:26.588,-66.02
niya4,14:51:26.592,-103.37
niya4,14:51:26.592,39.18
niya4,14:51:26.596,92.33
niya4,14:51:26.596,-2.98
niya4,14:51:26.600,-18.54
niya4,14:51:26.600,20.57
niya4,14:51:26.604,-50.6
niya4,14:51:26.604,-104.42
niya4,14:51:26.608,-11.38
niya4,14:51:26.609,105.02
niya4,14:51:26.612,120.11
niya4,14:51:26.613,13.11
niya4,14:51:26.616,-128.43
niya4,14:51:26.617,-98.29
niya4,14:51:26.620,89.95
niya4,14:51:26.621,107.8
niya4,14:51:26.624,-66.54
niya4,14:51:26.625,-94.8
niya4,14:51:26.625,7.0
niya4,14:51:26.629,21.77
niya4,14:51:26.629,37.61
niya4,14:51:26.633,74.66
niya4,14:51:26.633,6.53
niya4,14:51:26.637,-47.02
niya4,14:51:26.637,-22.65
niya4,14:51:26.641,-59.46
niya4,14:51:26.641,-61.47
niya4,14:51:26.645,79.5
niya4,14:51:26.646,116.15
niya4,14:51:26.649,-40.18
niya4,14:51:26.650,-86.3
niya4,14:51:26.654,25.4
niya4,14:51:26.654,35.69
niya4,14:51:26.658,-2.03
niya4,14:51:26.658,39.72
niya4,14:51:26.661,-12.37
niya4,14:51:26.661,-113.16
niya4,14:51:26.666,-40.25
niya4,14:51:26.666,74.65
niya4,14:51:26.670,80.37
niya4,14:51:26.670,50.37
niya4,14:51:26.674,-19.67
niya4,14:51:26.674,-114.96
niya4,14:51:26.678,-85.41
niya4,14:51:26.678,73.69
niya4,14:51:26.682,157.75
niya4,14:51:26.682,32.4
niya4,14:51:26.685,-159.68
niya4,14:51:26.685,-147.71
niya4,14:51:26.690,67.5
niya5,14:51:37.169,14.72
niya5,14:51:37.169,27.37
niya5,14:51:37.172,-50.79
niya5,14:51:37.172,-132.95
niya5,14:51:37.177,36.28
niya5,14:51:37.177,268.97
niya5,14:51:37.181,98.9
niya5,14:51:37.181,-265.79
niya5,14:51:37.185,-247.29
niya5,14:51:37.185,67.62
niya5,14:51:37.189,218.68
niya5,14:51:37.189,131.48
niya5,14:51:37.192,-32.59
niya5,14:51:37.192,-147.76
niya5,14:51:37.197,-100.16
niya5,14:51:37.197,50.47
niya5,14:51:37.201,95.01
niya5,14:51:37.201,26.44
niya5,14:51:37.205,-37.27
niya5,14:51:37.205,-75.97
niya5,14:51:37.210,-23.03
niya5,14:51:37.210,93.56
niya5,14:51:37.214,55.24
niya5,14:51:37.214,-60.27
niya5,14:51:37.218,0.83
niya5,14:51:37.218,57.51
niya5,14:51:37.222,-84.46
niya5,14:51:37.222,-117.45
niya5,14:51:37.225,83.68
niya5,14:51:37.225,138.76
niya5,14:51:37.230,-45.41
niya5,14:51:37.230,-114.27
niya5,14:51:37.234,26.36
niya5,14:51:37.234,113.81
niya5,14:51:37.238,31.94
niya5,14:51:37.238,-80.96
niya5,14:51:37.242,-95.33
niya5,14:51:37.242,-10.97
niya5,14:51:37.246,64.84
niya5,14:51:37.246,35.54
niya5,14:51:37.250,-10.23
niya5,14:51:37.250,29.95
niya5,14:51:37.255,27.59
niya5,14:51:37.255,-71.22
niya5,14:51:37.259,-60.38
niya5,14:51:37.259,78.57
niya5,14:51:37.259,78.46
niya5,14:51:37.263,-86.72
niya5,14:51:37.263,-124.6
niya5,14:51:37.267,43.28
niya5,14:51:37.267,148.2
niya5,14:51:37.271,40.67
niya5,14:51:37.271,-98.74
niya5,14:51:37.275,-74.15
niya5,14:51:37.275,50.56
niya5,14:51:37.279,69.55
niya5,14:51:37.279,-31.02
niya5,14:51:37.283,-62.05
niya5,14:51:37.283,-3.04
niya5,14:51:37.288,-1.13
niya5,14:51:37.288,-10.31
niya5,14:51:37.292,81.59
niya5,14:51:37.292,117.03
niya5,14:51:37.295,-45.59
niya5,14:51:37.295,-179.78
niya5,14:51:37.300,-75.18
niya5,14:51:37.300,92.78
niya5,14:51:37.303,113.24
niya5,14:51:37.304,31.54
niya5,14:51:37.307,-36.78
niya5,14:51:37.307,-53.46
niya5,14:51:37.312,-39.03
niya5,14:51:37.312,-2.07
niya5,14:51:37.316,54.8
niya5,14:51:37.316,42.27
niya5,14:51:37.320,-51.16
niya5,14:51:37.320,-52.68
niya5,14:51:37.324,47.79
niya5,14:51:37.324,53.45
niya5,14:51:37.328,-30.49
niya5,14:51:37.328,-37.28
niya5,14:51:37.332,12.22
niya5,14:51:37.332,9.29
niya5,14:51:37.336,-1.51
niya5,14:51:37.336,18.94
niya5,14:51:37.340,-6.4
niya5,14:51:37.340,-53.12
niya5,14:51:37.345,-16.59
niya5,14:51:37.345,69.74
niya5,14:51:37.348,85.11
niya5,14:51:37.348,-22.08
niya5,14:51:37.352,-128.71
niya5,14:51:37.352,-58.32
niya5,14:51:37.352,87.83
niya5,14:51:37.357,80.95
niya5,14:51:37.357,-16.9
niya5,14:51:37.361,-31.51
niya5,14:51:37.361,-7.56
niya5,14:51:37.365,-25.06
niya5,14:51:37.365,-14.55
niya5,14:51:37.369,45.36
niya5,14:51:37.369,43.4
niya5,14:51:37.373,-41.39
niya5,14:51:37.373,-59.84
niya5,14:51:37.377,45.5
niya5,14:51:37.377,76.14
niya5,14:51:37.382,-71.5
niya5,14:51:37.382,-112.28
niya5,14:51:37.386,91.72
niya5,14:51:37.386,153.26
niya5,14:51:37.389,-71.52
niya5,14:51:37.389,-159.25
niya5,14:51:37.394,20.23
niya5,14:51:37.394,127.1
niya5,14:51:37.397,31.6
niya5,14:51:37.397,-86.12
niya5,14:51:37.402,-67.35
niya5,14:51:37.402,47.8
niya5,14:51:37.406,75.08
niya5,14:51:37.406,-17.53
niya5,14:51:37.410,-54.22
niya5,14:51:37.410,8.14
niya5,14:51:37.414,13.81
niya5,14:51:37.414,-18.39
niya5,14:51:37.418,49.86
niya5,14:51:37.419,60.56
niya5,14:51:37.422,-94.79
niya5,14:51:37.423,-120.77
niya5,14:51:37.425,65.02
niya5,14:51:37.427,125.39
niya5,14:51:37.430,-18.85
niya5,14:51:37.430,-91.68
niya5,14:51:37.434,2.28
niya5,14:51:37.435,102.34
niya5,14:51:37.438,59.56
niya5,14:51:37.439,-101.15
niya5,14:51:37.443,-152.07
niya5,14:51:37.443,17.85
niya5,14:51:37.447,153.28
niya5,14:51:37.447,53.81
niya5,14:51:37.447,-70.85
niya5,14:51:37.451,-35.39
niya5,14:51:37.451,2.77
niya5,14:51:37.455,-22.86
niya5,14:51:37.455,34.41
niya5,14:51:37.459,87.31
niya5,14:51:37.459,-42.74
niya5,14:51:37.464,-157.67
niya5,14:51:37.464,-17.16
niya5,14:51:37.468,166.21
niya5,14:51:37.468,98.49
niya5,14:51:37.471,-82.13
niya5,14:51:37.471,-90.43
niya5,14:51:37.476,11.67
niya5,14:51:37.476,20.81
niya5,14:51:37.480,-24.33
niya5,14:51:37.480,-15.47
niya5,14:51:37.484,46.25
niya5,14:51:37.484,87.72
niya5,14:51:37.488,-3.62
niya5,14:51:37.488,-138.86
niya5,14:51:37.492,-81.77
niya5,14:51:37.492,94.49
niya5,14:51:37.496,131.98
niya5,14:51:37.496,29.27
niya5,14:51:37.500,-73.5
niya5,14:51:37.501,-110.66
niya5,14:51:37.504,-43.56
niya5,14:51:37.504,55.97
niya5,14:51:37.508,57.73
niya5,14:51:37.508,20.16
niya5,14:51:37.512,23.16
niya5,14:51:37.512,9.81
niya5,14:51:37.516,-22.56
niya5,14:51:37.516,-44.48
niya5,14:51:37.520,-58.87
niya5,14:51:37.520,-5.85
niya5,14:51:37.524,91.87
niya5,14:51:37.525,53.41
niya5,14:51:37.529,-86.74
niya5,14:51:37.529,-59.4
niya5,14:51:37.529,77.04
niya5,14:51:37.533,43.12
niya5,14:51:37.533,-34.37
niya5,14:51:37.537,36.54
niya5,14:51:37.537,12.76
niya5,14:51:37.541,-127.23
niya5,14:51:37.541,-36.74
niya5,14:51:37.545,114.55
niya5,14:51:37.545,-0.1
niya5,14:51:37.549,-59.93
niya5,14:51:37.549,94.28
niya5,14:51:37.553,58.31
niya5,14:51:37.554,-123.24
niya5,14:51:37.557,-50.27
niya5,14:51:37.557,104.33
niya5,14:51:37.561,20.85
niya5,14:51:37.561,-105.86
niya5,14:51:37.566,-51.64
niya5,14:51:37.566,66.36
niya5,14:51:37.570,102.79
niya5,14:51:37.570,36.66
niya5,14:51:37.574,-82.08
niya5,14:51:37.575,-113.57
niya5,14:51:37.578,28.19
niya5,14:51:37.579,141.51
niya5,14:51:37.582,12.2
niya5,14:51:37.582,-132.34
niya5,14:51:37.585,-53.01
niya5,14:51:37.587,46.39
niya5,14:51:37.590,49.66
niya5,14:51:37.590,61.15
niya5,14:51:37.595,6.09
sanjana1,15:06:52.084,8.2
sanjana1,15:06:52.084,18.68
sanjana1,15:06:52.088,-22.3
sanjana1,15:06:52.088,-82.63
sanjana1,15:06:52.092,-3.83
sanjana1,15:06:52.092,143.79
sanjana1,15:06:52.096,81.47
sanjana1,15:06:52.096,-118.73
sanjana1,15:06:52.100,-128.69
sanjana1,15:06:52.100,44.85
sanjana1,15:06:52.104,110.57
sanjana1,15:06:52.104,-21.39
sanjana1,15:06:52.108,-93.73
sanjana1,15:06:52.108,44.58
sanjana1,15:06:52.113,102.96
sanjana1,15:06:52.113,-57.92
sanjana1,15:06:52.113,-96.61
sanjana1,15:06:52.117,52.27
sanjana1,15:06:52.117,64.89
sanjana1,15:06:52.120,-32.43
sanjana1,15:06:52.120,-28.75
sanjana1,15:06:52.125,-0.38
sanjana1,15:06:52.125,-1.31
sanjana1,15:06:52.129,21.64
sanjana1,15:06:52.129,6.38
sanjana1,15:06:52.133,-26.04
sanjana1,15:06:52.133,21.75
sanjana1,15:06:52.137,40.82
sanjana1,15:06:52.137,-45.51
sanjana1,15:06:52.141,-55.85
sanjana1,15:06:52.141,51.23
sanjana1,15:06:52.145,49.26
sanjana1,15:06:52.145,-71.43
sanjana1,15:06:52.149,-60.08
sanjana1,15:06:52.150,79.07
sanjana1,15:06:52.153,108.41
sanjana1,15:06:52.153,-15.37
sanjana1,15:06:52.157,-127.03
sanjana1,15:06:52.157,-70.75
sanjana1,15:06:52.162,81.11
sanjana1,15:06:52.162,91.62
sanjana1,15:06:52.166,-16.98
sanjana1,15:06:52.166,-49.99
sanjana1,15:06:52.170,-35.89
sanjana1,15:06:52.170,-22.54
sanjana1,15:06:52.174,58.96
sanjana1,15:06:52.174,99.16
sanjana1,15:06:52.178,-23.47
sanjana1,15:06:52.178,-113.6
sanjana1,15:06:52.182,-30.06
sanjana1,15:06:52.182,37.63
sanjana1,15:06:52.186,27.69
sanjana1,15:06:52.186,55.04
sanjana1,15:06:52.190,18.94
sanjana1,15:06:52.191,-90.86
sanjana1,15:06:52.194,-51.19
sanjana1,15:06:52.194,65.71
sanjana1,15:06:52.198,40.53
sanjana1,15:06:52.199,-7.56
sanjana1,15:06:52.199,25.36
sanjana1,15:06:52.203,-34.22
sanjana1,15:06:52.207,-115.11
sanjana1,15:06:52.207,24.14
sanjana1,15:06:52.207,147.96
sanjana1,15:06:52.211,-1.78
sanjana1,15:06:52.211,-105.72
sanjana1,15:06:52.215,11.49
sanjana1,15:06:52.215,49.83
sanjana1,15:06:52.219,-23.13
sanjana1,15:06:52.219,-6.99
sanjana1,15:06:52.223,13.55
sanjana1,15:06:52.223,-31.05
sanjana1,15:06:52.227,-5.77
sanjana1,15:06:52.227,48.11
sanjana1,15:06:52.231,0.31
sanjana1,15:06:52.231,-45.97
sanjana1,15:06:52.235,3.19
sanjana1,15:06:52.235,50.43
sanjana1,15:06:52.239,24.76
sanjana1,15:06:52.240,-41.56
sanjana1,15:06:52.243,-65.3
sanjana1,15:06:52.243,-20.5
sanjana1,15:06:52.248,42.02
sanjana1,15:06:52.248,104.08
sanjana1,15:06:52.252,65.09
sanjana1,15:06:52.252,-130.44
sanjana1,15:06:52.256,-182.59
sanjana1,15:06:52.256,75.1
sanjana1,15:06:52.260,228.13
sanjana1,15:06:52.260,17.74
sanjana1,15:06:52.264,-169.13
sanjana1,15:06:52.265,-74.27
sanjana1,15:06:52.268,38.14
sanjana1,15:06:52.268,33.41
sanjana1,15:06:52.272,62.21
sanjana1,15:06:52.272,62.98
sanjana1,15:06:52.275,-51.41
sanjana1,15:06:52.275,-91.66
sanjana1,15:06:52.280,-21.42
sanjana1,15:06:52.280,28.81
sanjana1,15:06:52.285,60.55
sanjana1,15:06:52.285,36.98
sanjana1,15:06:52.289,-49.3
sanjana1,15:06:52.289,-54.93
sanjana1,15:06:52.292,15.84
sanjana1,15:06:52.292,22.11
sanjana1,15:06:52.293,4.31
sanjana1,15:06:52.296,55.2
sanjana1,15:06:52.297,37.57
sanjana1,15:06:52.300,-114.58
sanjana1,15:06:52.301,-116.74
sanjana1,15:06:52.304,88.51
sanjana1,15:06:52.305,118.02
sanjana1,15:06:52.309,-20.92
sanjana1,15:06:52.309,-11.63
sanjana1,15:06:52.313,-9.24
sanjana1,15:06:52.313,-101.51
sanjana1,15:06:52.317,11.06
sanjana1,15:06:52.317,158.43
sanjana1,15:06:52.322,-8.8
sanjana1,15:06:52.322,-169.76
sanjana1,15:06:52.326,-13.07
sanjana1,15:06:52.326,140.26
sanjana1,15:06:52.329,35.81
sanjana1,15:06:52.330,-94.61
sanjana1,15:06:52.334,-30.7
sanjana1,15:06:52.334,64.99
sanjana1,15:06:52.338,15.21
sanjana1,15:06:52.338,-28.88
sanjana1,15:06:52.342,12.96
sanjana1,15:06:52.342,-11.98
sanjana1,15:06:52.346,-55.22
sanjana1,15:06:52.346,21.63
sanjana1,15:06:52.350,51.33
sanjana1,15:06:52.350,-54.74
sanjana1,15:06:52.354,-9.74
sanjana1,15:06:52.355,162.11
sanjana1,15:06:52.359,40.4
sanjana1,15:06:52.359,-230.97
sanjana1,15:06:52.362,-138.69
sanjana1,15:06:52.362,155.64
sanjana1,15:06:52.366,165.33
sanjana1,15:06:52.366,-34.96
sanjana1,15:06:52.371,-85.51
sanjana1,15:06:52.371,14.38
sanjana1,15:06:52.375,6.06
sanjana1,15:06:52.375,-87.2
sanjana1,15:06:52.375,-1.88
sanjana1,15:06:52.378,157.55
sanjana1,15:06:52.382,55.77
sanjana1,15:06:52.382,-167.34
sanjana1,15:06:52.386,-114.31
sanjana1,15:06:52.386,119.36
sanjana1,15:06:52.387,133.22
sanjana1,15:06:52.391,-54.52
sanjana1,15:06:52.391,-110.33
sanjana1,15:06:52.395,8.95
sanjana1,15:06:52.395,79.15
sanjana1,15:06:52.399,34.11
sanjana1,15:06:52.399,-39.9
sanjana1,15:06:52.403,-103.34
sanjana1,15:06:52.403,-39.05
sanjana1,15:06:52.408,162.61
sanjana1,15:06:52.408,135.83
sanjana1,15:06:52.412,-148.42
sanjana1,15:06:52.412,-176.25
sanjana1,15:06:52.415,66.61
sanjana1,15:06:52.416,125.54
sanjana1,15:06:52.420,5.98
sanjana1,15:06:52.420,-27.56
sanjana1,15:06:52.424,-8.52
sanjana1,15:06:52.424,-36.7
sanjana1,15:06:52.428,-34.75
sanjana1,15:06:52.428,23.73
sanjana1,15:06:52.432,43.32
sanjana1,15:06:52.432,12.27
sanjana1,15:06:52.436,-9.02
sanjana1,15:06:52.436,1.94
sanjana1,15:06:52.440,15.79
sanjana1,15:06:52.440,-30.17
sanjana1,15:06:52.444,-78.0
sanjana1,15:06:52.444,2.81
sanjana1,15:06:52.448,103.84
sanjana1,15:06:52.449,45.79
sanjana1,15:06:52.453,-55.33
sanjana1,15:06:52.453,-46.19
sanjana1,15:06:52.457,-8.39
sanjana1,15:06:52.457,2.58
sanjana1,15:06:52.461,39.35
sanjana1,15:06:52.461,48.81
sanjana1,15:06:52.464,-27.5
sanjana1,15:06:52.464,-77.97
sanjana1,15:06:52.469,-18.17
sanjana1,15:06:52.469,56.48
sanjana1,15:06:52.472,53.55
sanjana1,15:06:52.473,-2.06
sanjana1,15:06:52.473,-48.6
sanjana1,15:06:52.477,-35.83
sanjana1,15:06:52.477,36.85
sanjana1,15:06:52.481,56.59
sanjana1,15:06:52.481,-43.16
sanjana1,15:06:52.485,-73.6
sanjana1,15:06:52.485,50.54
sanjana1,15:06:52.489,63.18
sanjana1,15:06:52.489,-60.06
sanjana1,15:06:52.493,-32.34
sanjana1,15:06:52.493,71.6
sanjana1,15:06:52.497,15.92
sanjana1,15:06:52.497,-59.38
sanjana1,15:06:52.501,-4.27
sanjana1,15:06:52.501,28.58
sanjana1,15:06:52.506,-23.96
sanjana1,15:06:52.506,-18.88
sanjana1,15:06:52.510,44.22
sanjana2,15:07:04.987,9.93
sanjana2,15:07:04.987,14.68
sanjana2,15:07:04.991,-38.36
sanjana2,15:07:04.991,-66.73
sanjana2,15:07:04.996,51.02
sanjana2,15:07:04.996,121.48
sanjana2,15:07:05.000,-13.85
sanjana2,15:07:05.000,-101.02
sanjana2,15:07:05.004,-25.13
sanjana2,15:07:05.004,10.06
sanjana2,15:07:05.008,1.5
sanjana2,15:07:05.008,50.45
sanjana2,15:07:05.011,47.59
sanjana2,15:07:05.011,-25.2
sanjana2,15:07:05.015,-32.01
sanjana2,15:07:05.015,-16.35
sanjana2,15:07:05.020,-34.01
sanjana2,15:07:05.020,-1.21
sanjana2,15:07:05.024,46.95
sanjana2,15:07:05.024,35.84
sanjana2,15:07:05.028,2.9
sanjana2,15:07:05.028,-27.83
sanjana2,15:07:05.032,-33.98
sanjana2,15:07:05.032,4.24
sanjana2,15:07:05.036,29.31
sanjana2,15:07:05.036,3.11
sanjana2,15:07:05.040,-25.97
sanjana2,15:07:05.040,-4.83
sanjana2,15:07:05.044,27.6
sanjana2,15:07:05.044,1.01
sanjana2,15:07:05.049,-26.05
sanjana2,15:07:05.049,13.14
sanjana2,15:07:05.053,18.1
sanjana2,15:07:05.053,-35.23
sanjana2,15:07:05.056,6.53
sanjana2,15:07:05.056,81.4
sanjana2,15:07:05.060,-17.49
sanjana2,15:07:05.060,-127.11
sanjana2,15:07:05.061,-18.15
sanjana2,15:07:05.064,101.09
sanjana2,15:07:05.064,44.05
sanjana2,15:07:05.068,-24.72
sanjana2,15:07:05.069,-10.65
sanjana2,15:07:05.073,-3.09
sanjana2,15:07:05.073,-18.7
sanjana2,15:07:05.077,-13.23
sanjana2,15:07:05.077,-2.1
sanjana2,15:07:05.081,-3.96
sanjana2,15:07:05.081,15.92
sanjana2,15:07:05.085,39.1
sanjana2,15:07:05.085,-1.33
sanjana2,15:07:05.089,-43.26
sanjana2,15:07:05.090,-6.15
sanjana2,15:07:05.093,28.69
sanjana2,15:07:05.094,19.56
sanjana2,15:07:05.097,4.27
sanjana2,15:07:05.097,-47.45
sanjana2,15:07:05.102,-65.44
sanjana2,15:07:05.102,45.31
sanjana2,15:07:05.106,108.34
sanjana2,15:07:05.106,-10.67
sanjana2,15:07:05.110,-97.9
sanjana2,15:07:05.110,-10.28
sanjana2,15:07:05.113,67.95
sanjana2,15:07:05.114,13.28
sanjana2,15:07:05.118,-40.74
sanjana2,15:07:05.118,-13.26
sanjana2,15:07:05.122,6.32
sanjana2,15:07:05.122,0.35
sanjana2,15:07:05.126,17.33
sanjana2,15:07:05.126,14.58
sanjana2,15:07:05.130,-16.28
sanjana2,15:07:05.130,-5.6
sanjana2,15:07:05.134,20.16
sanjana2,15:07:05.134,-4.86
sanjana2,15:07:05.139,-29.98
sanjana2,15:07:05.139,-10.58
sanjana2,15:07:05.142,7.58
sanjana2,15:07:05.142,20.72
sanjana2,15:07:05.147,33.27
sanjana2,15:07:05.147,-14.02
sanjana2,15:07:05.151,-66.28
sanjana2,15:07:05.151,19.98
sanjana2,15:07:05.155,109.04
sanjana2,15:07:05.155,-17.92
sanjana2,15:07:05.159,-130.58
sanjana2,15:07:05.160,-16.42
sanjana2,15:07:05.160,66.79
sanjana2,15:07:05.163,27.58
sanjana2,15:07:05.164,37.29
sanjana2,15:07:05.167,19.54
sanjana2,15:07:05.167,-81.34
sanjana2,15:07:05.172,-76.29
sanjana2,15:07:05.172,53.61
sanjana2,15:07:05.176,104.37
sanjana2,15:07:05.176,6.61
sanjana2,15:07:05.180,-90.66
sanjana2,15:07:05.180,-60.9
sanjana2,15:07:05.183,27.81
sanjana2,15:07:05.183,56.8
sanjana2,15:07:05.188,23.05
sanjana2,15:07:05.188,0.23
sanjana2,15:07:05.192,7.28
sanjana2,15:07:05.192,-24.28
sanjana2,15:07:05.196,-63.28
sanjana2,15:07:05.196,-5.91
sanjana2,15:07:05.200,64.11
sanjana2,15:07:05.200,25.31
sanjana2,15:07:05.204,-33.5
sanjana2,15:07:05.204,-17.59
sanjana2,15:07:05.208,3.62
sanjana2,15:07:05.208,0.57
sanjana2,15:07:05.213,29.71
sanjana2,15:07:05.213,31.44
sanjana2,15:07:05.217,-38.96
sanjana2,15:07:05.217,-52.11
sanjana2,15:07:05.221,9.18
sanjana2,15:07:05.221,21.39
sanjana2,15:07:05.224,10.58
sanjana2,15:07:05.225,28.08
sanjana2,15:07:05.229,6.7
sanjana2,15:07:05.229,-40.51
sanjana2,15:07:05.233,-31.32
sanjana2,15:07:05.233,18.79
sanjana2,15:07:05.237,55.57
sanjana2,15:07:05.237,23.49
sanjana2,15:07:05.241,-80.51
sanjana2,15:07:05.241,-80.06
sanjana2,15:07:05.245,71.69
sanjana2,15:07:05.245,103.3
sanjana2,15:07:05.245,-32.14
sanjana2,15:07:05.249,-64.94
sanjana2,15:07:05.250,12.68
sanjana2,15:07:05.253,19.67
sanjana2,15:07:05.254,-8.91
sanjana2,15:07:05.257,-3.23
sanjana2,15:07:05.257,-4.9
sanjana2,15:07:05.261,-3.75
sanjana2,15:07:05.261,6.7
sanjana2,15:07:05.265,-13.65
sanjana2,15:07:05.266,-7.39
sanjana2,15:07:05.270,58.12
sanjana2,15:07:05.270,44.33
sanjana2,15:07:05.274,-61.61
sanjana2,15:07:05.274,-73.63
sanjana2,15:07:05.278,2.29
sanjana2,15:07:05.278,31.93
sanjana2,15:07:05.282,39.05
sanjana2,15:07:05.282,33.16
sanjana2,15:07:05.286,-19.17
sanjana2,15:07:05.286,-39.6
sanjana2,15:07:05.290,-6.53
sanjana2,15:07:05.290,-0.45
sanjana2,15:07:05.294,-10.1
sanjana2,15:07:05.294,23.83
sanjana2,15:07:05.298,60.82
sanjana2,15:07:05.298,7.97
sanjana2,15:07:05.302,-98.25
sanjana2,15:07:05.302,-76.84
sanjana2,15:07:05.307,74.56
sanjana2,15:07:05.307,102.3
sanjana2,15:07:05.310,-31.69
sanjana2,15:07:05.310,-54.35
sanjana2,15:07:05.315,58.6
sanjana2,15:07:05.315,29.1
sanjana2,15:07:05.319,-109.95
sanjana2,15:07:05.319,-67.33
sanjana2,15:07:05.322,79.43
sanjana2,15:07:05.323,64.99
sanjana2,15:07:05.327,-13.39
sanjana2,15:07:05.327,13.84
sanjana2,15:07:05.331,11.41
sanjana2,15:07:05.331,-71.68
sanjana2,15:07:05.335,-43.64
sanjana2,15:07:05.336,69.3
sanjana2,15:07:05.336,41.75
sanjana2,15:07:05.339,-68.85
sanjana2,15:07:05.339,-17.02
sanjana2,15:07:05.344,100.35
sanjana2,15:07:05.344,-1.56
sanjana2,15:07:05.348,-139.4
sanjana2,15:07:05.348,2.88
sanjana2,15:07:05.352,147.83
sanjana2,15:07:05.352,14.4
sanjana2,15:07:05.356,-92.44
sanjana2,15:07:05.356,-14.51
sanjana2,15:07:05.360,2.24
sanjana2,15:07:05.360,-27.74
sanjana2,15:07:05.364,46.37
sanjana2,15:07:05.364,70.97
sanjana2,15:07:05.368,-30.31
sanjana2,15:07:05.368,-67.37
sanjana2,15:07:05.372,-6.64
sanjana2,15:07:05.372,23.3
sanjana2,15:07:05.376,24.61
sanjana2,15:07:05.377,26.54
sanjana2,15:07:05.381,-15.37
sanjana2,15:07:05.381,-46.34
sanjana2,15:07:05.384,-7.96
sanjana2,15:07:05.384,25.64
sanjana2,15:07:05.388,27.65
sanjana2,15:07:05.388,-0.56
sanjana2,15:07:05.393,-42.8
sanjana2,15:07:05.393,0.03
sanjana2,15:07:05.397,69.86
sanjana2,15:07:05.397,10.24
sanjana2,15:07:05.400,-95.54
sanjana2,15:07:05.400,-67.92
sanjana2,15:07:05.404,61.62
sanjana2,15:07:05.404,124.17
sanjana2,15:07:05.409,36.12
sanjana2,15:07:05.409,-100.83
sanjana2,15:07:05.412,-108.82
sanjana3,15:07:12.999,1.84
sanjana3,15:07:13.003,4.6
sanjana3,15:07:13.003,-0.13
sanjana3,15:07:13.007,-10.17
sanjana3,15:07:13.007,-13.55
sanjana3,15:07:13.011,-5.03
sanjana3,15:07:13.012,24.05
sanjana3,15:07:13.016,36.01
sanjana3,15:07:13.016,-28.4
sanjana3,15:07:13.020,-57.2
sanjana3,15:07:13.020,55.0
sanjana3,15:07:13.024,80.26
sanjana3,15:07:13.024,-86.15
sanjana3,15:07:13.028,-105.03
sanjana3,15:07:13.028,81.09
sanjana3,15:07:13.028,95.11
sanjana3,15:07:13.031,-59.91
sanjana3,15:07:13.032,-61.08
sanjana3,15:07:13.036,42.23
sanjana3,15:07:13.037,33.97
sanjana3,15:07:13.040,-15.86
sanjana3,15:07:13.040,-1.55
sanjana3,15:07:13.044,5.78
sanjana3,15:07:13.044,-27.75
sanjana3,15:07:13.048,-29.87
sanjana3,15:07:13.048,23.27
sanjana3,15:07:13.053,45.72
sanjana3,15:07:13.053,-9.33
sanjana3,15:07:13.057,-39.91
sanjana3,15:07:13.057,10.72
sanjana3,15:07:13.061,42.57
sanjana3,15:07:13.061,1.62
sanjana3,15:07:13.064,-38.2
sanjana3,15:07:13.065,-21.6
sanjana3,15:07:13.069,13.69
sanjana3,15:07:13.069,10.24
sanjana3,15:07:13.073,-12.85
sanjana3,15:07:13.073,10.32
sanjana3,15:07:13.077,40.06
sanjana3,15:07:13.077,-9.89
sanjana3,15:07:13.081,-52.28
sanjana3,15:07:13.081,11.17
sanjana3,15:07:13.085,55.29
sanjana3,15:07:13.086,-11.24
sanjana3,15:07:13.090,-60.72
sanjana3,15:07:13.090,-16.75
sanjana3,15:07:13.093,28.43
sanjana3,15:07:13.093,31.14
sanjana3,15:07:13.097,30.33
sanjana3,15:07:13.097,4.07
sanjana3,15:07:13.101,-45.79
sanjana3,15:07:13.101,-35.45
sanjana3,15:07:13.106,20.74
sanjana3,15:07:13.106,34.87
sanjana3,15:07:13.110,2.51
sanjana3,15:07:13.110,-33.62
sanjana3,15:07:13.114,-29.62
sanjana3,15:07:13.114,19.0
sanjana3,15:07:13.114,46.48
sanjana3,15:07:13.118,19.65
sanjana3,15:07:13.118,-18.6
sanjana3,15:07:13.122,-27.71
sanjana3,15:07:13.123,-10.12
sanjana3,15:07:13.126,2.6
sanjana3,15:07:13.127,-5.04
sanjana3,15:07:13.131,-5.32
sanjana3,15:07:13.131,15.94
sanjana3,15:07:13.135,26.44
sanjana3,15:07:13.135,7.39
sanjana3,15:07:13.139,-17.58
sanjana3,15:07:13.139,-23.01
sanjana3,15:07:13.143,-7.31
sanjana3,15:07:13.143,16.99
sanjana3,15:07:13.147,23.26
sanjana3,15:07:13.147,-9.29
sanjana3,15:07:13.150,-43.44
sanjana3,15:07:13.150,-14.29
sanjana3,15:07:13.154,52.45
sanjana3,15:07:13.155,50.11
sanjana3,15:07:13.159,-24.68
sanjana3,15:07:13.160,-55.05
sanjana3,15:07:13.164,-4.53
sanjana3,15:07:13.164,41.61
sanjana3,15:07:13.167,13.97
sanjana3,15:07:13.167,-46.66
sanjana3,15:07:13.171,-33.81
sanjana3,15:07:13.172,43.45
sanjana3,15:07:13.175,53.13
sanjana3,15:07:13.176,-13.86
sanjana3,15:07:13.179,-43.49
sanjana3,15:07:13.180,-11.22
sanjana3,15:07:13.184,27.51
sanjana3,15:07:13.184,29.12
sanjana3,15:07:13.188,-11.68
sanjana3,15:07:13.188,-44.09
sanjana3,15:07:13.192,-22.31
sanjana3,15:07:13.192,28.2
sanjana3,15:07:13.196,44.48
sanjana3,15:07:13.196,6.97
sanjana3,15:07:13.200,-29.21
sanjana3,15:07:13.200,-13.64
sanjana3,15:07:13.204,19.97
sanjana3,15:07:13.204,5.66
sanjana3,15:07:13.204,-41.21
sanjana3,15:07:13.208,-24.42
sanjana3,15:07:13.208,50.1
sanjana3,15:07:13.212,46.81
sanjana3,15:07:13.212,-28.76
sanjana3,15:07:13.216,-42.6
sanjana3,15:07:13.217,-0.41
sanjana3,15:07:13.220,22.48
sanjana3,15:07:13.221,23.95
sanjana3,15:07:13.224,9.0
sanjana3,15:07:13.225,-19.57
sanjana3,15:07:13.228,-38.29
sanjana3,15:07:13.228,-21.76
sanjana3,15:07:13.232,29.71
sanjana3,15:07:13.233,53.47
sanjana3,15:07:13.236,8.83
sanjana3,15:07:13.237,-38.04
sanjana3,15:07:13.240,-31.81
sanjana3,15:07:13.241,-7.92
sanjana3,15:07:13.245,22.6
sanjana3,15:07:13.245,58.85
sanjana3,15:07:13.249,14.38
sanjana3,15:07:13.249,-86.19
sanjana3,15:07:13.254,-64.4
sanjana3,15:07:13.254,60.14
sanjana3,15:07:13.258,89.05
sanjana3,15:07:13.258,0.29
sanjana3,15:07:13.262,-76.45
sanjana3,15:07:13.262,-46.3
sanjana3,15:07:13.266,73.54
sanjana3,15:07:13.266,79.48
sanjana3,15:07:13.269,-97.46
sanjana3,15:07:13.269,-121.55
sanjana3,15:07:13.273,95.34
sanjana3,15:07:13.273,131.79
sanjana3,15:07:13.278,-58.1
sanjana3,15:07:13.278,-78.72
sanjana3,15:07:13.281,39.31
sanjana3,15:07:13.281,19.91
sanjana3,15:07:13.285,-36.36
sanjana3,15:07:13.285,-2.0
sanjana3,15:07:13.289,4.54
sanjana3,15:07:13.291,-5.67
sanjana3,15:07:13.294,43.38
sanjana3,15:07:13.294,25.79
sanjana3,15:07:13.295,-68.32
sanjana3,15:07:13.298,-35.5
sanjana3,15:07:13.298,65.32
sanjana3,15:07:13.302,4.49
sanjana3,15:07:13.303,-52.33
sanjana3,15:07:13.306,79.62
sanjana3,15:07:13.306,63.03
sanjana3,15:07:13.311,-167.31
sanjana3,15:07:13.311,-107.19
sanjana3,15:07:13.315,170.8
sanjana3,15:07:13.315,122.86
sanjana3,15:07:13.319,-93.78
sanjana3,15:07:13.319,-63.55
sanjana3,15:07:13.323,37.42
sanjana3,15:07:13.323,-6.11
sanjana3,15:07:13.327,-38.8
sanjana3,15:07:13.327,12.23
sanjana3,15:07:13.331,34.1
sanjana3,15:07:13.331,16.23
sanjana3,15:07:13.335,7.15
sanjana3,15:07:13.335,-22.56
sanjana3,15:07:13.339,-51.93
sanjana3,15:07:13.339,-7.21
sanjana3,15:07:13.344,76.23
sanjana3,15:07:13.344,68.4
sanjana3,15:07:13.347,-61.32
sanjana3,15:07:13.347,-122.47
sanjana3,15:07:13.351,0.97
sanjana3,15:07:13.351,106.5
sanjana3,15:07:13.356,47.68
sanjana3,15:07:13.356,-31.84
sanjana3,15:07:13.360,-29.96
sanjana3,15:07:13.360,-17.0
sanjana3,15:07:13.364,-16.38
sanjana3,15:07:13.364,13.42
sanjana3,15:07:13.368,37.3
sanjana3,15:07:13.368,4.99
sanjana3,15:07:13.372,-41.08
sanjana3,15:07:13.372,-39.08
sanjana3,15:07:13.376,35.87
sanjana3,15:07:13.376,93.39
sanjana3,15:07:13.380,-17.65
sanjana3,15:07:13.380,-123.5
sanjana3,15:07:13.384,19.07
sanjana3,15:07:13.384,123.65
sanjana3,15:07:13.384,-45.2
sanjana3,15:07:13.389,-123.66
sanjana3,15:07:13.389,53.71
sanjana3,15:07:13.393,99.88
sanjana3,15:07:13.393,-55.73
sanjana3,15:07:13.397,-39.36
sanjana3,15:07:13.397,86.43
sanjana3,15:07:13.400,-6.98
sanjana3,15:07:13.400,-112.42
sanjana3,15:07:13.405,16.81
sanjana3,15:07:13.405,89.72
sanjana3,15:07:13.409,-19.32
sanjana3,15:07:13.409,-37.24
sanjana3,15:07:13.413,22.7
sanjana3,15:07:13.413,-8.1
sanjana3,15:07:13.417,-15.83
sanjana3,15:07:13.417,32.22
sanjana3,15:07:13.421,-1.57
sanjana3,15:07:13.421,-30.63
sanjana3,15:07:13.425,36.62
sanjana4,15:07:20.123,9.36
sanjana4,15:07:20.127,18.66
sanjana4,15:07:20.127,-28.32
sanjana4,15:07:20.130,-80.79
sanjana4,15:07:20.130,18.59
sanjana4,15:07:20.135,148.15
sanjana4,15:07:20.135,31.24
sanjana4,15:07:20.139,-152.66
sanjana4,15:07:20.139,-63.28
sanjana4,15:07:20.143,99.64
sanjana4,15:07:20.143,39.08
sanjana4,15:07:20.147,-53.67
sanjana4,15:07:20.148,-2.16
sanjana4,15:07:20.151,45.36
sanjana4,15:07:20.151,14.28
sanjana4,15:07:20.156,-34.39
sanjana4,15:07:20.156,-50.63
sanjana4,15:07:20.159,-3.31
sanjana4,15:07:20.160,38.6
sanjana4,15:07:20.164,15.13
sanjana4,15:07:20.164,5.7
sanjana4,15:07:20.168,23.4
sanjana4,15:07:20.168,-13.03
sanjana4,15:07:20.172,-57.21
sanjana4,15:07:20.172,-11.63
sanjana4,15:07:20.176,63.12
sanjana4,15:07:20.176,37.76
sanjana4,15:07:20.180,-59.22
sanjana4,15:07:20.180,-66.95
sanjana4,15:07:20.184,29.7
sanjana4,15:07:20.184,61.22
sanjana4,15:07:20.184,7.8
sanjana4,15:07:20.188,7.92
sanjana4,15:07:20.188,13.46
sanjana4,15:07:20.192,-63.76
sanjana4,15:07:20.192,-75.09
sanjana4,15:07:20.197,38.73
sanjana4,15:07:20.197,85.79
sanjana4,15:07:20.201,11.62
sanjana4,15:07:20.201,-35.97
sanjana4,15:07:20.205,-18.74
sanjana4,15:07:20.205,-10.47
sanjana4,15:07:20.209,-3.82
sanjana4,15:07:20.209,28.61
sanjana4,15:07:20.212,28.25
sanjana4,15:07:20.212,-21.29
sanjana4,15:07:20.217,-39.01
sanjana4,15:07:20.217,-6.07
sanjana4,15:07:20.221,10.15
sanjana4,15:07:20.221,13.28
sanjana4,15:07:20.225,39.78
sanjana4,15:07:20.225,21.85
sanjana4,15:07:20.229,-49.11
sanjana4,15:07:20.229,-47.85
sanjana4,15:07:20.233,20.29
sanjana4,15:07:20.234,33.61
sanjana4,15:07:20.237,-2.41
sanjana4,15:07:20.238,-14.6
sanjana4,15:07:20.241,2.95
sanjana4,15:07:20.241,9.73
sanjana4,15:07:20.245,-20.54
sanjana4,15:07:20.245,-20.06
sanjana4,15:07:20.249,53.68
sanjana4,15:07:20.249,57.67
sanjana4,15:07:20.253,-56.62
sanjana4,15:07:20.253,-89.58
sanjana4,15:07:20.257,11.06
sanjana4,15:07:20.258,57.92
sanjana4,15:07:20.262,11.92
sanjana4,15:07:20.262,4.68
sanjana4,15:07:20.265,25.1
sanjana4,15:07:20.265,-17.47
sanjana4,15:07:20.270,-59.36
sanjana4,15:07:20.270,-19.13
sanjana4,15:07:20.274,41.04
sanjana4,15:07:20.274,49.32
sanjana4,15:07:20.274,15.79
sanjana4,15:07:20.278,-33.88
sanjana4,15:07:20.278,-61.56
sanjana4,15:07:20.283,-20.77
sanjana4,15:07:20.283,41.78
sanjana4,15:07:20.286,44.51
sanjana4,15:07:20.286,21.62
sanjana4,15:07:20.291,12.22
sanjana4,15:07:20.291,-31.44
sanjana4,15:07:20.294,-78.85
sanjana4,15:07:20.295,-32.11
sanjana4,15:07:20.299,74.28
sanjana4,15:07:20.299,89.52
sanjana4,15:07:20.303,-22.83
sanjana4,15:07:20.303,-91.69
sanjana4,15:07:20.307,-30.5
sanjana4,15:07:20.307,37.86
sanjana4,15:07:20.311,61.18
sanjana4,15:07:20.311,46.92
sanjana4,15:07:20.314,-32.25
sanjana4,15:07:20.314,-88.79
sanjana4,15:07:20.319,-35.37
sanjana4,15:07:20.319,41.52
sanjana4,15:07:20.324,48.62
sanjana4,15:07:20.324,23.95
sanjana4,15:07:20.328,12.19
sanjana4,15:07:20.328,-30.55
sanjana4,15:07:20.332,-72.98
sanjana4,15:07:20.332,5.57
sanjana4,15:07:20.336,100.4
sanjana4,15:07:20.336,14.87
sanjana4,15:07:20.339,-97.29
sanjana4,15:07:20.339,-35.55
sanjana4,15:07:20.344,46.88
sanjana4,15:07:20.344,30.9
sanjana4,15:07:20.348,13.91
sanjana4,15:07:20.348,4.34
sanjana4,15:07:20.352,-17.84
sanjana4,15:07:20.352,-1.22
sanjana4,15:07:20.356,2.34
sanjana4,15:07:20.356,-46.44
sanjana4,15:07:20.360,-32.03
sanjana4,15:07:20.360,51.71
sanjana4,15:07:20.364,58.49
sanjana4,15:07:20.364,-6.31
sanjana4,15:07:20.364,-24.81
sanjana4,15:07:20.368,-10.06
sanjana4,15:07:20.369,-20.79
sanjana4,15:07:20.372,-12.01
sanjana4,15:07:20.372,34.95
sanjana4,15:07:20.376,21.33
sanjana4,15:07:20.377,-57.04
sanjana4,15:07:20.381,-21.39
sanjana4,15:07:20.381,106.01
sanjana4,15:07:20.385,34.67
sanjana4,15:07:20.385,-149.78
sanjana4,15:07:20.389,-55.09
sanjana4,15:07:20.389,165.05
sanjana4,15:07:20.393,81.47
sanjana4,15:07:20.393,-131.0
sanjana4,15:07:20.397,-94.25
sanjana4,15:07:20.397,49.94
sanjana4,15:07:20.401,53.92
sanjana4,15:07:20.401,13.12
sanjana4,15:07:20.406,16.01
sanjana4,15:07:20.406,-14.19
sanjana4,15:07:20.410,-45.5
sanjana4,15:07:20.410,-2.89
sanjana4,15:07:20.413,28.77
sanjana4,15:07:20.413,-7.04
sanjana4,15:07:20.417,-21.19
sanjana4,15:07:20.417,30.19
sanjana4,15:07:20.422,60.4
sanjana4,15:07:20.422,-32.89
sanjana4,15:07:20.425,-134.25
sanjana4,15:07:20.425,-4.19
sanjana4,15:07:20.430,188.27
sanjana4,15:07:20.430,72.52
sanjana4,15:07:20.434,-167.92
sanjana4,15:07:20.434,-128.08
sanjana4,15:07:20.438,83.91
sanjana4,15:07:20.438,130.16
sanjana4,15:07:20.442,0.29
sanjana4,15:07:20.442,-84.4
sanjana4,15:07:20.446,-54.25
sanjana4,15:07:20.446,10.56
sanjana4,15:07:20.450,76.51
sanjana4,15:07:20.450,62.24
sanjana4,15:07:20.454,-66.3
sanjana4,15:07:20.454,-78.38
sanjana4,15:07:20.455,67.76
sanjana4,15:07:20.459,39.83
sanjana4,15:07:20.459,-120.42
sanjana4,15:07:20.463,-29.16
sanjana4,15:07:20.463,160.7
sanjana4,15:07:20.467,65.17
sanjana4,15:07:20.467,-123.32
sanjana4,15:07:20.470,-75.32
sanjana4,15:07:20.471,68.49
sanjana4,15:07:20.474,53.39
sanjana4,15:07:20.474,-54.71
sanjana4,15:07:20.479,-60.97
sanjana4,15:07:20.479,33.89
sanjana4,15:07:20.483,80.89
sanjana4,15:07:20.483,7.7
sanjana4,15:07:20.487,-55.68
sanjana4,15:07:20.487,-1.28
sanjana4,15:07:20.492,13.08
sanjana4,15:07:20.492,-53.3
sanjana4,15:07:20.496,-0.19
sanjana4,15:07:20.496,84.38
sanjana4,15:07:20.500,4.25
sanjana4,15:07:20.500,-67.43
sanjana4,15:07:20.504,-11.51
sanjana4,15:07:20.504,14.57
sanjana4,15:07:20.508,14.99
sanjana4,15:07:20.508,57.7
sanjana4,15:07:20.512,14.52
sanjana4,15:07:20.512,-103.82
sanjana4,15:07:20.516,-72.32
sanjana4,15:07:20.516,88.99
sanjana4,15:07:20.520,108.04
sanjana4,15:07:20.520,-45.47
sanjana4,15:07:20.524,-111.78
sanjana4,15:07:20.525,11.87
sanjana4,15:07:20.528,107.39
sanjana4,15:07:20.528,22.37
sanjana4,15:07:20.532,-75.3
sanjana4,15:07:20.532,-52.81
sanjana4,15:07:20.536,2.77
sanjana4,15:07:20.536,51.33
sanjana4,15:07:20.540,56.19
sanjana4,15:07:20.541,-37.82
sanjana4,15:07:20.544,-56.79
sanjana4,15:07:20.544,48.9
sanjana4,15:07:20.544,8.78
sanjana4,15:07:20.549,-86.15
sanjana5,15:07:27.533,8.85
sanjana5,15:07:27.533,17.26
sanjana5,15:07:27.537,-21.74
sanjana5,15:07:27.537,-67.83
sanjana5,15:07:27.541,-6.52
sanjana5,15:07:27.541,99.52
sanjana5,15:07:27.544,75.44
sanjana5,15:07:27.545,-53.5
sanjana5,15:07:27.549,-100.71
sanjana5,15:07:27.549,-24.67
sanjana5,15:07:27.553,36.85
sanjana5,15:07:27.553,41.16
sanjana5,15:07:27.557,51.72
sanjana5,15:07:27.557,24.17
sanjana5,15:07:27.562,-60.73
sanjana5,15:07:27.562,-77.7
sanjana5,15:07:27.566,-13.36
sanjana5,15:07:27.566,30.11
sanjana5,15:07:27.569,60.38
sanjana5,15:07:27.569,68.15
sanjana5,15:07:27.573,-25.15
sanjana5,15:07:27.573,-110.59
sanjana5,15:07:27.578,-33.99
sanjana5,15:07:27.578,77.64
sanjana5,15:07:27.582,60.59
sanjana5,15:07:27.582,-12.35
sanjana5,15:07:27.586,-48.41
sanjana5,15:07:27.586,-44.43
sanjana5,15:07:27.590,7.81
sanjana5,15:07:27.590,52.47
sanjana5,15:07:27.593,21.62
sanjana5,15:07:27.593,-15.04
sanjana5,15:07:27.593,-4.52
sanjana5,15:07:27.598,-7.35
sanjana5,15:07:27.598,-19.51
sanjana5,15:07:27.602,1.23
sanjana5,15:07:27.602,8.0
sanjana5,15:07:27.606,-5.11
sanjana5,15:07:27.606,6.39
sanjana5,15:07:27.611,7.66
sanjana5,15:07:27.611,4.39
sanjana5,15:07:27.615,21.87
sanjana5,15:07:27.615,-16.74
sanjana5,15:07:27.619,-60.38
sanjana5,15:07:27.619,17.23
sanjana5,15:07:27.623,83.9
sanjana5,15:07:27.623,-7.12
sanjana5,15:07:27.627,-96.48
sanjana5,15:07:27.627,-19.02
sanjana5,15:07:27.631,87.02
sanjana5,15:07:27.631,42.8
sanjana5,15:07:27.635,-54.6
sanjana5,15:07:27.635,-42.83
sanjana5,15:07:27.639,32.28
sanjana5,15:07:27.639,43.76
sanjana5,15:07:27.643,-20.34
sanjana5,15:07:27.643,-62.24
sanjana5,15:07:27.647,-13.68
sanjana5,15:07:27.647,58.82
sanjana5,15:07:27.651,48.07
sanjana5,15:07:27.651,-23.97
sanjana5,15:07:27.656,-48.15
sanjana5,15:07:27.656,-2.99
sanjana5,15:07:27.659,37.5
sanjana5,15:07:27.659,22.58
sanjana5,15:07:27.663,-26.4
sanjana5,15:07:27.664,-44.26
sanjana5,15:07:27.667,-6.87
sanjana5,15:07:27.667,31.62
sanjana5,15:07:27.672,36.43
sanjana5,15:07:27.672,17.42
sanjana5,15:07:27.676,-24.05
sanjana5,15:07:27.676,-48.28
sanjana5,15:07:27.680,-4.88
sanjana5,15:07:27.680,46.06
sanjana5,15:07:27.685,19.89
sanjana5,15:07:27.685,-33.19
sanjana5,15:07:27.685,-29.83
sanjana5,15:07:27.689,8.23
sanjana5,15:07:27.689,28.68
sanjana5,15:07:27.692,17.85
sanjana5,15:07:27.692,-6.87
sanjana5,15:07:27.696,-13.44
sanjana5,15:07:27.696,-4.72
sanjana5,15:07:27.701,-3.35
sanjana5,15:07:27.701,-3.84
sanjana5,15:07:27.705,-1.07
sanjana5,15:07:27.705,-2.87
sanjana5,15:07:27.709,1.7
sanjana5,15:07:27.709,20.91
sanjana5,15:07:27.713,20.49
sanjana5,15:07:27.713,-19.3
sanjana5,15:07:27.717,-43.19
sanjana5,15:07:27.717,6.9
sanjana5,15:07:27.721,68.67
sanjana5,15:07:27.721,7.69
sanjana5,15:07:27.726,-110.16
sanjana5,15:07:27.726,-39.71
sanjana5,15:07:27.729,139.46
sanjana5,15:07:27.729,79.6
sanjana5,15:07:27.734,-115.43
sanjana5,15:07:27.734,-89.42
sanjana5,15:07:27.738,36.48
sanjana5,15:07:27.738,42.4
sanjana5,15:07:27.741,48.41
sanjana5,15:07:27.741,50.19
sanjana5,15:07:27.745,-67.82
sanjana5,15:07:27.746,-120.22
sanjana5,15:07:27.750,1.97
sanjana5,15:07:27.750,84.43
sanjana5,15:07:27.754,64.9
sanjana5,15:07:27.754,38.54
sanjana5,15:07:27.758,-41.19
sanjana5,15:07:27.758,-121.76
sanjana5,15:07:27.762,-35.68
sanjana5,15:07:27.763,102.88
sanjana5,15:07:27.766,67.74
sanjana5,15:07:27.767,-47.2
sanjana5,15:07:27.771,-41.76
sanjana5,15:07:27.771,12.12
sanjana5,15:07:27.771,-2.64
sanjana5,15:07:27.774,-5.36
sanjana5,15:07:27.774,31.53
sanjana5,15:07:27.779,21.73
sanjana5,15:07:27.779,-17.3
sanjana5,15:07:27.782,-13.57
sanjana5,15:07:27.783,-5.21
sanjana5,15:07:27.787,-51.11
sanjana5,15:07:27.787,-31.63
sanjana5,15:07:27.791,105.33
sanjana5,15:07:27.791,102.28
sanjana5,15:07:27.795,-84.99
sanjana5,15:07:27.795,-124.98
sanjana5,15:07:27.799,26.23
sanjana5,15:07:27.799,91.35
sanjana5,15:07:27.803,18.57
sanjana5,15:07:27.803,-39.59
sanjana5,15:07:27.807,-37.15
sanjana5,15:07:27.807,-11.56
sanjana5,15:07:27.812,17.74
sanjana5,15:07:27.812,27.9
sanjana5,15:07:27.816,18.06
sanjana5,15:07:27.816,11.65
sanjana5,15:07:27.819,-3.8
sanjana5,15:07:27.819,-42.52
sanjana5,15:07:27.824,-48.98
sanjana5,15:07:27.824,18.44
sanjana5,15:07:27.828,59.96
sanjana5,15:07:27.828,2.09
sanjana5,15:07:27.832,-27.96
sanjana5,15:07:27.832,14.2
sanjana5,15:07:27.836,-7.62
sanjana5,15:07:27.836,-32.42
sanjana5,15:07:27.840,46.3
sanjana5,15:07:27.840,47.16
sanjana5,15:07:27.844,-61.51
sanjana5,15:07:27.844,-64.77
sanjana5,15:07:27.848,13.56
sanjana5,15:07:27.848,52.63
sanjana5,15:07:27.852,57.06
sanjana5,15:07:27.852,-0.83
sanjana5,15:07:27.856,-82.98
sanjana5,15:07:27.856,-57.4
sanjana5,15:07:27.860,62.64
sanjana5,15:07:27.860,109.01
sanjana5,15:07:27.860,-3.85
sanjana5,15:07:27.865,-130.06
sanjana5,15:07:27.869,-95.87
sanjana5,15:07:27.869,61.34
sanjana5,15:07:27.872,169.2
sanjana5,15:07:27.873,73.19
sanjana5,15:07:27.873,-145.06
sanjana5,15:07:27.876,-153.36
sanjana5,15:07:27.876,72.24
sanjana5,15:07:27.881,142.1
sanjana5,15:07:27.881,-26.17
sanjana5,15:07:27.885,-118.57
sanjana5,15:07:27.885,-8.37
sanjana5,15:07:27.889,115.32
sanjana5,15:07:27.889,57.39
sanjana5,15:07:27.894,-85.98
sanjana5,15:07:27.894,-86.21
sanjana5,15:07:27.898,20.14
sanjana5,15:07:27.898,59.35
sanjana5,15:07:27.901,28.53
sanjana5,15:07:27.901,-0.52
sanjana5,15:07:27.905,-27.84
sanjana5,15:07:27.905,-41.18
sanjana5,15:07:27.909,0.3
sanjana5,15:07:27.909,47.53
sanjana5,15:07:27.913,24.44
sanjana5,15:07:27.913,-32.57
sanjana5,15:07:27.918,-36.67
sanjana5,15:07:27.918,18.0
sanjana5,15:07:27.922,38.38
sanjana5,15:07:27.922,-17.82
sanjana5,15:07:27.926,-29.97
sanjana5,15:07:27.926,41.15
sanjana5,15:07:27.930,21.02
sanjana5,15:07:27.930,-81.84
sanjana5,15:07:27.934,-43.98
sanjana5,15:07:27.934,90.57
sanjana5,15:07:27.939,96.26
sanjana5,15:07:27.939,-26.62
sanjana5,15:07:27.943,-95.54
sanjana5,15:07:27.943,-34.52
sanjana5,15:07:27.947,14.19
sanjana5,15:07:27.947,-17.76
sanjana5,15:07:27.950,32.59
sanjana5,15:07:27.950,140.85
sanjana5,15:07:27.955,34.25
sanjana5,15:07:27.955,-197.91
sanjana5,15:07:27.958,-140.93

